"";"X";"contributeurs";"isanon";"status_contrib";"total_rev_count";"registration_year"
"1";1;"Borgarde";0;"inscrit";81502;2006
"2";2;"Leeswoo00";0;"inscrit";1369;2008
"3";3;"Luckas-bot";0;"inscrit";929662;2008
"4";4;"Amirobot";0;"inscrit";56602;2008
"5";5;"Severo";0;"inscrit";146773;2006
"6";6;"Addbot";0;"bot";2838809;2008
"7";8;"Djln";0;"inscrit";204354;2005
"8";10;"Seanl617";0;"inscrit";39;2013
"9";12;"FrescoBot";0;"bot";727823;2009
"10";14;"Magioladitis";0;"admin";900475;2006
"11";17;"95.234.223.61";1;"anonyme";39;2014
"12";20;"2601:0:200:62A:D02B:801F:E725:FB7C";1;"anonyme";24;2014
"13";23;"176.239.0.246";1;"anonyme";14;2015
"14";24;"Hugo999";0;"inscrit";449739;2006
"15";25;"Suite613";0;"inscrit";100;2007
"16";26;"Julius_Sahara";0;"inscrit";18364;2005
"17";27;"207.112.122.27";1;"anonyme";2;2007
"18";30;"PeeJay2K3";0;"inscrit";142065;2005
"19";33;"Sennap~enwiki";0;"inscrit";22;2007
"20";36;"Tocino";0;"inscrit";9609;2006
"21";42;"Wild3jeff";0;"inscrit";7;2006
"22";45;"149.135.107.159";1;"anonyme";2;2007
"23";47;"JPMJPMJPMJPM";0;"inscrit";115;2007
"24";49;"Thijs!bot";0;"inscrit";470128;2006
"25";50;"Ed_g2s";0;"admin";26720;2003
"26";51;"81.183.207.34";1;"anonyme";2;2007
"27";52;"86.3.31.64";1;"anonyme";7;2007
"28";54;"KyleRGiggs";0;"inscrit";7311;2007
"29";59;"161.200.255.162";1;"anonyme";313;2003
"30";61;"219.75.19.221";1;"anonyme";2;2007
"31";67;"Arch_dude";0;"inscrit";20843;2006
"32";70;"Chanheigeorge";0;"inscrit";166930;2005
"33";71;"Mjefm";0;"inscrit";12000;2005
"34";72;"86.146.239.6";1;"anonyme";160;2008
"35";75;"Kanabekobaton";0;"inscrit";12301;2005
"36";77;"Jumbuck";0;"inscrit";14218;2004
"37";79;"Otrfan";0;"inscrit";1920;2008
"38";80;"87.57.129.252";1;"anonyme";1;2008
"39";87;"ChrisTheDude";0;"admin";62303;2005
"40";90;"Mr_Hall_of_England";0;"inscrit";51009;2008
"41";94;"Heusie18";0;"inscrit";5059;2006
"42";98;"PigFlu_Oink";0;"inscrit";32092;2009
"43";101;"Jnestorius";0;"inscrit";46461;2004
"44";102;"LaaknorBot";0;"inscrit";122478;2008
"45";105;"VEO15";0;"inscrit";12095;2009
"46";107;"Cydebot";0;"admin";5923314;2006
"47";116;"Wonderwizard";0;"inscrit";13919;2010
"48";120;"94.5.150.232";1;"anonyme";3;2010
"49";122;"114.36.60.29";1;"anonyme";1;2010
"50";124;"Rich_Farmbrough";0;"admin";1422484;2004
"51";134;"HonorTheKing";0;"inscrit";33322;2008
"52";135;"Z";0;"inscrit";NA;NA
"53";136;"Phyo_WP";0;"inscrit";8958;2011
"54";137;"Yobot";0;"bot";4653891;2008
"55";139;"Hybernator";0;"inscrit";18465;2006
"56";142;"Koavf";0;"inscrit";1658317;2005
"57";150;"Fotoriety";0;"inscrit";1585;2011
"58";153;"Work2win";0;"inscrit";4948;2010
"59";158;"Felix_Folio_Secundus";0;"inscrit";115654;2008
"60";159;"AnomieBOT";0;"bot";3118928;2008
"61";165;"Laurence_Watcher";0;"inscrit";114;2013
"62";168;"Frietjes";0;"inscrit";505210;2011
"63";170;"Pigsonthewing";0;"inscrit";182428;2003
"64";173;"194.110.253.122";1;"anonyme";37;2011
"65";179;"Sarah_Tallinn";0;"inscrit";9;2009
"66";181;"Mightymights";0;"inscrit";5676;2011
"67";186;"Tim!";0;"admin";737611;2005
"68";188;"Salai_Pasui";0;"inscrit";1;2015
"69";190;"157.150.192.237";1;"anonyme";2172;2005
"70";192;"58.106.241.221";1;"anonyme";23;2015
"71";200;"183.90.36.5";1;"anonyme";19;2015
"72";210;"Sct72";0;"inscrit";8141;2005
"73";211;"Muffin_Wizard";0;"inscrit";33976;2011
"74";215;"Mar4d";0;"inscrit";71838;2010
"75";217;"157.150.193.1";1;"anonyme";51;2015
"76";223;"Zetsubuobiry";0;"inscrit";22;2016
"77";227;"InternetArchiveBot";0;"bot";1584961;2015
"78";229;"Jpp858";0;"inscrit";14088;2009
"79";230;"EoRdE6";0;"inscrit";10361;2014
"80";232;"Jweiss11";0;"inscrit";234275;2005
"81";236;"206.188.36.124";1;"anonyme";4144;2013
"82";239;"Bigddan11";0;"inscrit";44131;2006
"83";240;"75.172.9.8";1;"anonyme";117;2015
"84";245;"Daoxford1";0;"inscrit";3157;2013
"85";246;"Bsuorangecrush";0;"inscrit";88159;2008
"86";253;"2601:147:C101:67A7:C064:EC01:DF66:3B3F";1;"anonyme";93;2015
"87";255;"Orangetycoon41";0;"inscrit";13564;2015
"88";259;"Fullertonlover1926";0;"inscrit";277;2015
"89";260;"Ccbbws1999";0;"inscrit";19457;2012
"90";264;"66.189.245.128";1;"anonyme";1141;2015
"91";276;"2602:304:CFE1:5189:F491:E876:5ADB:6703";1;"anonyme";8;2015
"92";283;"Akatheflake";0;"inscrit";10393;2010
"93";294;"2601:154:C101:C3DD:781E:B2B:EC64:F0FD";1;"anonyme";65;2015
"94";299;"174.24.221.167";1;"anonyme";1160;2015
"95";307;"Tassedethe";0;"admin";707265;2008
"96";308;"Timrollpickering";0;"admin";162910;2003
"97";309;"BU_RoBOT";0;"bot";346067;2015
"98";311;"Amal-Tallal";0;"inscrit";282;2014
"99";312;"Sufur222";0;"inscrit";22064;2010
"100";313;"Starcheerspeaksnewslostwars";0;"inscrit";243787;2010
"101";315;"Xqbot";0;"bot";1581933;2008
"102";316;"Speedfish";0;"inscrit";11318;2010
"103";320;"2Flows";0;"inscrit";3104;2012
"104";324;"P._S._Burton";0;"inscrit";15286;2007
"105";326;"Richhoncho";0;"inscrit";243090;2006
"106";327;"173.189.245.2";1;"anonyme";16;2010
"107";330;"Gilliam";0;"admin";371673;2005
"108";333;"Efe";0;"admin";33852;2007
"109";335;"89.241.166.214";1;"anonyme";35;2016
"110";337;"125.237.163.213";1;"anonyme";1276;2017
"111";338;"Koala15";0;"inscrit";106560;2012
"112";340;"112.215.66.232";1;"anonyme";10;2016
"113";344;"112.215.66.234";1;"anonyme";9;2017
"114";346;"112.215.66.230";1;"anonyme";10;2017
"115";347;"Adam_Faanes";0;"inscrit";744;2003
"116";348;"Delirium";0;"admin";50090;2003
"117";350;"DigiBullet";0;"inscrit";1778;2003
"118";352;"168.209.98.35";1;"anonyme";4289;2002
"119";353;"CanisRufus";0;"bot";73747;2004
"120";355;"Kbahey";0;"inscrit";770;2004
"121";359;"Timo_Honkasalo";0;"inscrit";2835;2002
"122";360;"129.123.104.6";1;"anonyme";240;2003
"123";362;"TOO";0;"inscrit";4390;2003
"124";363;"24.55.52.169";1;"anonyme";7;2005
"125";372;"Hadal";0;"admin";29637;2003
"126";383;"ASK~enwiki";0;"inscrit";234;2004
"127";384;"Sam_Hocevar";0;"admin";24994;2004
"128";386;"Mel_Etitis";0;"admin";60375;2004
"129";387;"RussBot";0;"bot";1252648;2005
"130";389;"LatinoMuslim";0;"inscrit";5954;2005
"131";390;"213.39.167.88";1;"anonyme";11;2005
"132";391;"134.147.78.32";1;"anonyme";4;2006
"133";392;"Zephyrios";0;"inscrit";47;2005
"134";394;"Anonymous_editor";0;"admin";16633;2005
"135";396;"24.87.64.250";1;"anonyme";5;2006
"136";399;"Spasage";0;"inscrit";7775;2005
"137";401;"Boris_";0;"inscrit";0;2015
"138";402;"Erasmussen";0;"inscrit";10997;2006
"139";403;"Detroiterbot";0;"bot";126164;2007
"140";405;"D6";0;"inscrit";393081;2004
"141";407;"Lightmouse";0;"inscrit";148333;2007
"142";410;"24.62.49.140";1;"anonyme";5;2009
"143";414;"Hmains";0;"inscrit";899059;2005
"144";416;"98.110.211.97";1;"anonyme";1;2010
"145";418;"MartinHansV";0;"inscrit";2708;2007
"146";419;"108.20.197.135";1;"anonyme";3;2012
"147";421;"BattyBot";0;"bot";963059;2011
"148";422;"Faolin42";0;"inscrit";23617;2010
"149";424;"Od_Mishehu_AWB";0;"inscrit";110764;2007
"150";432;"Jajhill";0;"inscrit";10354;2005
"151";433;"Kevmin";0;"inscrit";26739;2006
"152";434;"Plantdrew";0;"inscrit";229116;2011
"153";435;"SausageRoll101";0;"inscrit";899;2016
"154";437;"The_Rambling_Man";0;"admin";180265;2005
"155";439;"Dr._Blofeld";0;"inscrit";597345;2006
"156";440;"Dawynn";0;"inscrit";237964;2008
"157";442;"EmausBot";0;"bot";1673447;2009
"158";444;"Tonton_Bernardo";0;"inscrit";9311;2011
"159";449;"Caftaric";0;"inscrit";57827;2015
"160";451;"Leesw616";0;"inscrit";18554;2008
"161";452;"Nitsansh";0;"inscrit";34501;2005
"162";456;"Arielslytherin";0;"inscrit";8155;2014
"163";458;"Lgcsmasamiya";0;"inscrit";9372;2012
"164";459;"FrankDev";0;"inscrit";1834;2009
"165";463;"JackieBot";0;"bot";53084;2008
"166";467;"BG19bot";0;"bot";1005055;2011
"167";470;"Cattus";0;"inscrit";95567;2005
"168";472;"Oceanh";0;"inscrit";39739;2005
"169";473;"GoingBatty";0;"inscrit";327373;2010
"170";474;"Waacstats";0;"inscrit";1203047;2006
"171";475;"KasparBot";0;"bot";1548473;2015
"172";479;"Zyxw";0;"inscrit";216822;2005
"173";482;"Poccil";0;"inscrit";21606;2004
"174";483;"Think_outside_the_box";0;"inscrit";4453;2006
"175";485;"Drutt";0;"inscrit";7650;2007
"176";486;"69.130.193.49";1;"anonyme";24;2009
"177";487;"ABC1356msep1";0;"inscrit";2378;2010
"178";488;"Logical_Fuzz";0;"inscrit";19977;2009
"179";490;"QuasyBoy";0;"inscrit";106326;2006
"180";495;"Hydrargyrum";0;"inscrit";36700;2005
"181";496;"24.47.32.192";1;"anonyme";424;2013
"182";497;"Categlory";0;"inscrit";601;2014
"183";498;"Zombie433";0;"inscrit";87593;2007
"184";499;"Jeff3000";0;"inscrit";44949;2005
"185";501;"98.218.113.186";1;"anonyme";5;2009
"186";502;"DefaultsortBot";0;"inscrit";48995;2009
"187";503;"Tim1357";0;"inscrit";69622;2009
"188";509;"41.211.0.127";1;"anonyme";38;2009
"189";512;"41.218.217.118";1;"anonyme";1;2009
"190";517;"Embele";0;"inscrit";7158;2006
"191";520;"41.218.214.196";1;"anonyme";3;2009
"192";522;"41.218.229.98";1;"anonyme";1;2010
"193";531;"Wrwr1";0;"inscrit";818;2010
"194";535;"RjwilmsiBot";0;"bot";1602950;2009
"195";536;"79.213.90.114";1;"anonyme";84;2010
"196";541;"Petan-Bot";0;"bot";40696;2011
"197";545;"SporkBot";0;"bot";874506;2010
"198";548;"Jaysuc";0;"inscrit";32644;2011
"199";555;"BrownHairedGirl";0;"admin";721544;2006
"200";557;"GiantSnowman";0;"admin";250155;2006
"201";561;"GreenC_bot";0;"bot";534930;2016
"202";566;"Nathan_wang";0;"inscrit";9;2008
"203";567;"Stepshep";0;"inscrit";25234;2007
"204";572;"Gail";0;"inscrit";18235;2008
"205";577;"The_Anomebot2";0;"bot";950735;2006
"206";579;"Crusoe8181";0;"inscrit";84633;2009
"207";581;"Mattinbgn";0;"admin";53119;2006
"208";584;"Bidgee";0;"inscrit";50194;2005
"209";585;"Kirananils";0;"inscrit";6315;2011
"210";588;"AussieLegend2";0;"inscrit";35431;2008
"211";593;"Gronk_Oz";0;"inscrit";17494;2014
"212";595;"Melburnian";0;"admin";32602;2005
"213";596;"Ricardo_Carneiro_Pires";0;"inscrit";19724;2005
"214";598;"EncycloPetey";0;"admin";31101;2005
"215";600;"Eubot";0;"inscrit";259670;2005
"216";601;"217.232.96.202";1;"anonyme";8;2008
"217";602;"Hesperian";0;"admin";135052;2004
"218";606;"Jaguarlaser";0;"inscrit";11082;2007
"219";607;"AssegaiAli";0;"inscrit";1464;2007
"220";610;"LilHelpa";0;"inscrit";346297;2008
"221";612;"59.154.164.18";1;"anonyme";14;2008
"222";616;"Tide_rolls";0;"admin";212881;2008
"223";620;"Flakinho";0;"inscrit";27466;2008
"224";624;"Rcsprinter123";0;"inscrit";67134;2010
"225";625;"Aliwal2012";0;"inscrit";11677;2012
"226";635;"SP-KP";0;"inscrit";31538;2005
"227";636;"Grutness";0;"admin";223475;2004
"228";638;"Barticus88";0;"inscrit";33017;2006
"229";641;"Andy_F";0;"inscrit";3867;2004
"230";644;"67.170.26.43";1;"anonyme";1396;2008
"231";645;"Erik9bot";0;"inscrit";439480;2009
"232";646;"SmackBot";0;"inscrit";3734324;2005
"233";648;"Zorrobot";0;"inscrit";142590;2008
"234";649;"Choess";0;"admin";63877;2005
"235";651;"Bodrugan";0;"inscrit";2061;2009
"236";654;"Arb";0;"inscrit";15965;2006
"237";655;"Johnsoniensis";0;"inscrit";131539;2014
"238";662;"Stuartyeates";0;"inscrit";53706;2004
"239";666;"Ghouston";0;"inscrit";1044;2003
"240";669;"Carlossuarez46";0;"admin";473975;2003
"241";674;"JustAGal";0;"inscrit";172786;2006
"242";675;"Gasheadsteve";0;"inscrit";9085;2006
"243";676;"68.98.139.9";1;"anonyme";371;2007
"244";677;"PTSE";0;"inscrit";8157;2005
"245";681;"Mukkakukaku";0;"inscrit";18669;2005
"246";682;"64.105.126.218";1;"anonyme";9;2008
"247";684;"Alansohn";0;"inscrit";433140;2005
"248";689;"Raymondwinn";0;"inscrit";8611;2007
"249";690;"Aavindraa";0;"inscrit";1218;2010
"250";693;"TRBP";0;"inscrit";12333;2009
"251";695;"Raymie";0;"inscrit";23494;2005
"252";696;"Simple_Bob";0;"inscrit";15029;2009
"253";701;"Mordemur";0;"inscrit";681;2004
"254";702;"Vanished_user_5zariu3jisj0j4irj";0;"inscrit";36325;2003
"255";704;"Somebody_in_the_WWW";0;"inscrit";2635;2004
"256";706;"Tirin";0;"inscrit";4243;2004
"257";710;"JdforresterBot";0;"inscrit";13077;2005
"258";712;"Pfctdayelise";0;"inscrit";3998;2005
"259";713;"Pengo";0;"admin";19112;2003
"260";714;"Sheeppyramids";0;"inscrit";2;2006
"261";718;"Redeagle688";0;"inscrit";6427;2006
"262";719;"Longhair";0;"admin";139816;2004
"263";722;"Stickyweb";0;"inscrit";21;2006
"264";723;"Steven_Walling";0;"admin";45596;2006
"265";726;"121.44.219.5";1;"anonyme";3;2009
"266";730;"118.208.142.42";1;"anonyme";2;2009
"267";732;"220.253.21.10";1;"anonyme";11;2006
"268";734;"JamesAM";0;"inscrit";49799;2006
"269";737;"Cuddy_Wifter";0;"inscrit";25985;2006
"270";740;"118.209.131.203";1;"anonyme";1;2010
"271";743;"Billingd";0;"inscrit";5603;2010
"272";745;"118.209.11.59";1;"anonyme";1;2011
"273";746;"118.209.93.173";1;"anonyme";1;2011
"274";747;"118.209.23.193";1;"anonyme";1;2011
"275";748;"118.209.234.101";1;"anonyme";7;2011
"276";753;"Jllm06";0;"inscrit";449675;2006
"277";755;"118.209.50.221";1;"anonyme";7;2010
"278";757;"Rjwilmsi";0;"inscrit";863750;2005
"279";760;"122.107.199.212";1;"anonyme";3;2013
"280";761;"ClueBot_NG";0;"bot";4573721;2010
"281";762;"Horseygal_mega";0;"inscrit";1;2014
"282";763;"124.170.10.196";1;"anonyme";1;2014
"283";766;"113.37.135.116";1;"anonyme";7;2015
"284";771;"Triptothecottage";0;"inscrit";3072;2016
"285";773;"MilborneOne";0;"admin";107891;2006
"286";774;"GimmeBot";0;"bot";75273;2007
"287";781;"The_Bushranger";0;"admin";135769;2008
"288";785;"Mr.Television";0;"inscrit";3226;2006
"289";786;"Markhurd";0;"inscrit";11540;2003
"290";788;"124.176.242.165";1;"anonyme";1;2010
"291";794;"220.101.137.173";1;"anonyme";1;2010
"292";796;"60.230.183.87";1;"anonyme";4;2010
"293";800;"109.154.228.164";1;"anonyme";1;2010
"294";802;"Jdenm8";0;"inscrit";56;2007
"295";804;"Shoof95";0;"inscrit";2320;2010
"296";805;"79.85.211.186";1;"anonyme";1;2010
"297";810;"203.208.67.34";1;"anonyme";44;2009
"298";813;"121.212.238.116";1;"anonyme";16;2009
"299";816;"Cody99090";0;"inscrit";5;2010
"300";820;"NE_Ent";0;"inscrit";20192;2006
"301";824;"Not_Just_Magic:_The_Movie";0;"inscrit";5;2010
"302";828;"Aatulloch";0;"inscrit";7;2006
"303";831;"Peachey88";0;"inscrit";5044;2006
"304";833;"Jake_Seinfeild_Official";0;"inscrit";4;2010
"305";844;"77.99.188.253";1;"anonyme";93;2010
"306";849;"114.77.225.246";1;"anonyme";6;2010
"307";852;"Mojo_Hand";0;"admin";68880;2006
"308";855;"121.45.8.49";1;"anonyme";21;2010
"309";865;"118.210.101.244";1;"anonyme";16;2010
"310";868;"118.210.93.34";1;"anonyme";28;2010
"311";870;"121.210.1.150";1;"anonyme";2;2010
"312";872;"118.210.69.142";1;"anonyme";86;2010
"313";874;"H3llBot";0;"bot";134512;2010
"314";875;"220.253.247.167";1;"anonyme";1;2010
"315";876;"VictorianMutant";0;"inscrit";4778;2010
"316";877;"Leahmaree1992";0;"inscrit";4;2010
"317";880;"120.146.131.26";1;"anonyme";4;2010
"318";886;"Roxxannee";0;"inscrit";42;2010
"319";887;"120.19.3.101";1;"anonyme";1;2010
"320";889;"122.107.175.135";1;"anonyme";2348;2010
"321";893;"118.210.139.79";1;"anonyme";39;2010
"322";894;"121.216.60.109";1;"anonyme";6;2010
"323";898;"Connor5612";0;"inscrit";423;2008
"324";904;"202.59.23.86";1;"anonyme";27;2009
"325";905;"114.78.104.31";1;"anonyme";3;2010
"326";909;"123.243.78.194";1;"anonyme";123;2007
"327";911;"124.171.176.245";1;"anonyme";7;2007
"328";913;"211.30.134.11";1;"anonyme";1;2010
"329";914;"Boing!_said_Zebedee";0;"admin";76323;2007
"330";920;"132.199.231.183";1;"anonyme";2;2010
"331";923;"90.208.194.135";1;"anonyme";8;2010
"332";924;"139.168.78.4";1;"anonyme";4;2010
"333";929;"Brookie";0;"admin";38579;2005
"334";948;"118.210.182.249";1;"anonyme";43;2010
"335";955;"189.202.29.165";1;"anonyme";359;2010
"336";960;"61.69.196.177";1;"anonyme";2;2010
"337";968;"58.166.94.160";1;"anonyme";10;2010
"338";1006;"94.1.250.201";1;"anonyme";1;2011
"339";1008;"Ianblair23";0;"admin";86099;2004
"340";1023;"121.45.85.150";1;"anonyme";17;2009
"341";1040;"124.184.229.144";1;"anonyme";2;2011
"342";1042;"JHunterJ";0;"admin";69217;2006
"343";1044;"202.46.136.16";1;"anonyme";17;2009
"344";1045;"165.69.2.2";1;"anonyme";262;2009
"345";1048;"109.108.207.209";1;"anonyme";53;2011
"346";1050;"Themeparkgc";0;"inscrit";35689;2009
"347";1054;"121.218.179.129";1;"anonyme";7;2008
"348";1057;"114.78.101.239";1;"anonyme";1;2011
"349";1062;"203.18.241.193";1;"anonyme";86;2006
"350";1063;"122.106.86.113";1;"anonyme";107;2010
"351";1064;"Allied45";0;"inscrit";17187;2006
"352";1065;"Billy_Liakopoulos";0;"inscrit";20494;2011
"353";1070;"Klemen_Kocjancic";0;"inscrit";133123;2004
"354";1072;"Matthewedwards";0;"admin";26769;2007
"355";1073;"John";0;"admin";190800;2006
"356";1075;"60.229.13.55";1;"anonyme";5;2012
"357";1076;"Chris_the_speller";0;"inscrit";412438;2005
"358";1080;"ChrisGualtieri";0;"inscrit";457369;2012
"359";1083;"Dl2000";0;"inscrit";416233;2006
"360";1087;"Josve05a";0;"inscrit";103447;2010
"361";1091;"110.32.98.191";1;"anonyme";3;2015
"362";1092;"Capitalismojo";0;"inscrit";15058;2007
"363";1093;"101.191.168.119";1;"anonyme";6;2015
"364";1095;"Cyberbot_II";0;"bot";453736;2012
"365";1101;"TAnthony";0;"inscrit";348854;2006
"366";1103;"EvergreenFir";0;"inscrit";74884;2013
"367";1108;"PrimeBOT";0;"bot";198314;2016
"368";1111;"Wilhelmina_Will";0;"inscrit";300655;2007
"369";1112;"Ruigeroeland";0;"inscrit";278893;2006
"370";1113;"Oculi";0;"inscrit";103004;2007
"371";1115;"William_Avery";0;"inscrit";249937;2002
"372";1118;"Micromesistius";0;"inscrit";18576;2009
"373";1120;"KConWiki";0;"inscrit";109193;2006
"374";1121;"96.231.137.242";1;"anonyme";1294;2009
"375";1123;"Syrinxanth";0;"inscrit";147;2009
"376";1124;"24.136.253.60";1;"anonyme";179;2009
"377";1126;"69.77.183.2";1;"anonyme";56;2009
"378";1127;"Stacyjj";0;"inscrit";63;2010
"379";1128;"MrOllie";0;"inscrit";61545;2008
"380";1129;"KCTS9Marcom";0;"inscrit";36;2010
"381";1133;"76.178.147.116";1;"anonyme";97;2010
"382";1134;"68.239.28.121";1;"anonyme";1;2011
"383";1135;"76.64.139.177";1;"anonyme";344;2011
"384";1136;"129.44.51.127";1;"anonyme";6;2011
"385";1143;"VIAFbot";0;"bot";254678;2012
"386";1146;"Fortdj33";0;"inscrit";380397;2009
"387";1149;"Masterknighted";0;"inscrit";46322;2009
"388";1152;"Shawn_in_Montreal";0;"inscrit";152879;2006
"389";1156;"24.148.90.193";1;"anonyme";1;2016
"390";1160;"2001:558:6001:6:3800:66D5:3C4C:883B";1;"anonyme";106;2016
"391";1161;"Adavidb";0;"inscrit";44052;2006
"392";1162;"140.247.117.159";1;"anonyme";2;2017
"393";1165;"73.81.122.85";1;"anonyme";2;2017
"394";1166;"PackMecEng";0;"inscrit";2212;2016
"395";1168;"Nikolaiho";0;"inscrit";2937;2014
"396";1170;"XerxesFalcon";0;"inscrit";1680;2016
"397";1171;"Wgolf";0;"inscrit";123078;2011
"398";1172;"Cmr08";0;"inscrit";71387;2008
"399";1174;"Mintz_l";0;"inscrit";293;2006
"400";1178;"Dexbot";0;"bot";156973;2012
"401";1180;"140.203.12.5";1;"anonyme";308;2010
"402";1182;"Rathfelder";0;"inscrit";99020;2005
"403";1183;"Myasuda";0;"inscrit";42161;2006
"404";1185;"202.88.237.49";1;"anonyme";2;2015
"405";1186;"Akivarma";0;"inscrit";2;2015
"406";1188;"Izno";0;"inscrit";26851;2006
"407";1193;"128.97.83.171";1;"anonyme";2;2013
"408";1194;"Rememberlands";0;"inscrit";481;2007
"409";1201;"Isambard_Kingdom";0;"inscrit";13730;2014
"410";1206;"Heckledpie";0;"inscrit";49;2007
"411";1209;"Prajaman";0;"inscrit";2031;2017
"412";1210;"132.180.92.58";1;"anonyme";13;2015
"413";1211;"Rajasekhar1961";0;"inscrit";37946;2006
"414";1215;"117.195.226.77";1;"anonyme";2;2010
"415";1216;"JaGa";0;"admin";97583;2006
"416";1218;"R'n'B";0;"admin";354974;2006
"417";1220;"124.123.66.55";1;"anonyme";11;2012
"418";1222;"67.83.155.1";1;"anonyme";1;2012
"419";1224;"Gongshow";0;"inscrit";34901;2008
"420";1225;"Nandhakishore";0;"inscrit";328;2012
"421";1227;"Aspects";0;"inscrit";212914;2007
"422";1229;"194.80.235.252";1;"anonyme";23;2013
"423";1231;"Bender235";0;"inscrit";435453;2004
"424";1233;"108.238.241.76";1;"anonyme";3;2014
"425";1235;"175.101.144.62";1;"anonyme";15;2014
"426";1236;"RajtheEmperor";0;"inscrit";2950;2013
"427";1240;"Sugram";0;"inscrit";4949;2011
"428";1242;"124.123.211.29";1;"anonyme";4;2015
"429";1249;"Bgwhite";0;"admin";546893;2005
"430";1251;"Sajeeth100";0;"inscrit";1070;2015
"431";1253;"EmperoroftheKings";0;"inscrit";1665;2015
"432";1261;"Rkolluri9";0;"inscrit";2;2015
"433";1262;"A031657kvs";0;"inscrit";46;2012
"434";1264;"128.91.19.17";1;"anonyme";1;2016
"435";1271;"B.Bhargava_Teja";0;"inscrit";13894;2015
"436";1284;"Psychonaut";0;"inscrit";31340;2004
"437";1285;"Sheynhertz-Unbayg";0;"inscrit";20460;2004
"438";1286;"Tewfik";0;"inscrit";15543;2005
"439";1287;"Dogcow";0;"inscrit";2400;2005
"440";1290;"Nono64";0;"inscrit";96246;2006
"441";1291;"Ken_Gallager";0;"inscrit";116100;2006
"442";1292;"77.183.226.230";1;"anonyme";3;2007
"443";1293;"79.177.242.249";1;"anonyme";1;2008
"444";1294;"SieBot";0;"inscrit";421891;2007
"445";1296;"Ary29";0;"inscrit";26818;2004
"446";1297;"Sheled_Umlal";0;"inscrit";1176;2007
"447";1300;"HerculeBot";0;"inscrit";9923;2008
"448";1301;"176.195.212.31";1;"anonyme";1;2012
"449";1302;"VolkovBot";0;"inscrit";447718;2006
"450";1303;"Chobot";0;"bot";167630;2005
"451";1312;"Werldwayd";0;"inscrit";258182;2007
"452";1313;"BD2412";0;"admin";1085493;2005
"453";1314;"Dmitri_Lytov";0;"inscrit";6540;2006
"454";1315;"Arminden";0;"inscrit";10958;2011
"455";1320;"Bkonrad";0;"admin";153219;2004
"456";1326;"Demonax";0;"inscrit";542;2015
"457";1328;"Tryde";0;"inscrit";36681;2006
"458";1331;"Jerry";0;"admin";19297;2006
"459";1332;"Epistemos";0;"inscrit";11055;2006
"460";1334;"HarryHenryGebel";0;"inscrit";5323;2003
"461";1336;"58.166.136.24";1;"anonyme";3;2010
"462";1340;"YellowMonkey";0;"admin";86443;2005
"463";1345;"Orderinchaos";0;"admin";69106;2006
"464";1346;"Orderinchaos_2";0;"inscrit";22149;2007
"465";1348;"121.220.77.20";1;"anonyme";5;2011
"466";1351;"SeoMac";0;"inscrit";5332;2009
"467";1353;"Alpha_4615";0;"inscrit";3860;2005
"468";1354;"Qetuth";0;"inscrit";26901;2011
"469";1356;"Shiftchange";0;"inscrit";35583;2004
"470";1359;"121.223.48.141";1;"anonyme";2;2015
"471";1364;"124.148.184.115";1;"anonyme";1;2016
"472";1367;"Clairespark123";0;"inscrit";7;2016
"473";1373;"Bugboy52.40";0;"inscrit";19058;2008
"474";1375;"Heds";0;"inscrit";8934;2007
"475";1380;"Fingerlickin";0;"inscrit";16;2007
"476";1381;"Khukri";0;"admin";13197;2005
"477";1387;"SiobhanHansa";0;"inscrit";22660;2006
"478";1390;"Wickethewok";0;"admin";16424;2006
"479";1391;"217.35.85.80";1;"anonyme";1;2007
"480";1394;"66.65.21.121";1;"anonyme";5;2008
"481";1395;"98.203.252.255";1;"anonyme";1294;2008
"482";1397;"Bearcat";0;"admin";921284;2003
"483";1399;"Lashuto";0;"inscrit";2235;2011
"484";1405;"82.38.237.249";1;"anonyme";1;2011
"485";1407;"86.190.193.123";1;"anonyme";1;2012
"486";1409;"HenryLi";0;"inscrit";18045;2004
"487";1410;"RobotG";0;"inscrit";86515;2006
"488";1412;"218.102.200.124";1;"anonyme";1;2006
"489";1414;"Ahoerstemeier";0;"admin";110256;2003
"490";1417;"JL-Bot";0;"bot";175691;2007
"491";1419;"Underwaterbuffalo";0;"inscrit";21360;2008
"492";1423;"Jrleighton";0;"inscrit";3144;2004
"493";1424;"Michaela_den";0;"inscrit";15880;2010
"494";1429;"Degen_Earthfast";0;"inscrit";16365;2009
"495";1434;"Dthomsen8";0;"inscrit";340315;2008
"496";1436;"Davidcannon";0;"admin";99384;2004
"497";1441;"PulpSpy";0;"inscrit";243;2005
"498";1442;"GurchBot";0;"inscrit";7421;2006
"499";1444;"MarshBot";0;"inscrit";50214;2006
"500";1445;"Skumarlabot";0;"inscrit";4583;2006
"501";1448;"Floppyness";0;"inscrit";23;2007
"502";1450;"Calidore_Chase";0;"inscrit";392;2006
"503";1455;"172.131.225.157";1;"anonyme";46;2007
"504";1456;"Malcolma";0;"inscrit";144889;2005
"505";1458;"192.175.182.25";1;"anonyme";181;2005
"506";1459;"71.32.93.8";1;"anonyme";4;2007
"507";1460;"Ameliorate!";0;"admin";15050;2006
"508";1463;"Ogil";0;"inscrit";20;2008
"509";1475;"Shortride";0;"inscrit";48202;2006
"510";1477;"216.73.70.4";1;"anonyme";66;2011
"511";1481;"Geez.wencke";0;"inscrit";36;2013
"512";1486;"205.200.11.237";1;"anonyme";1;2013
"513";1494;"74.216.1.161";1;"anonyme";2;2009
"514";1504;"174.5.136.129";1;"anonyme";1;2013
"515";1506;"Unbuttered_Parsnip";0;"inscrit";15948;2007
"516";1508;"Legobot";0;"bot";964912;2008
"517";1510;"Mogism";0;"inscrit";185176;2012
"518";1512;"John_of_Reading";0;"inscrit";488602;2009
"519";1514;"RudolfRed";0;"inscrit";6502;2011
"520";1516;"Mindmatrix";0;"admin";157438;2004
"521";1517;"197.156.118.192";1;"anonyme";1;2015
"522";1519;"Serols";0;"inscrit";92111;2009
"523";1521;"Egeymi";0;"inscrit";157540;2012
"524";1523;"67.237.70.10";1;"anonyme";499;2016
"525";1528;"Moonriddengirl";0;"admin";133740;2007
"526";1529;"Yerevantsi";0;"inscrit";39233;2011
"527";1531;"Jimboradley";0;"inscrit";1814;2007
"528";1533;"Quebec99";0;"inscrit";35180;2008
"529";1535;"Spetsnaz1991";0;"inscrit";12046;2012
"530";1536;"Armen_Ohanian";0;"inscrit";528;2013
"531";1539;"EtienneDolet";0;"inscrit";25550;2006
"532";1543;"World_Cup_2010";0;"inscrit";2526;2010
"533";1548;"Bender_the_Bot";0;"bot";810249;2016
"534";1551;"Modern_Sciences";0;"inscrit";2832;2015
"535";1552;"24.77.117.60";1;"anonyme";12;2017
"536";1553;"Oshwah";0;"admin";224132;2007
"537";1555;"Hayman30";0;"inscrit";18922;2014
"538";1556;"PZFUN";0;"admin";7920;2004
"539";1557;"NekoDaemon";0;"inscrit";21840;2005
"540";1559;"TPO-bot";0;"inscrit";7022;2005
"541";1561;"KyraVixen";0;"inscrit";6782;2006
"542";1565;"Underlying_lk";0;"inscrit";45847;2009
"543";1573;"Htonl";0;"inscrit";31627;2005
"544";1578;"JJMC89_bot";0;"bot";717515;2016
"545";1580;"Namiba";0;"inscrit";92656;2006
"546";1581;"Ser_Amantio_di_Nicolao";0;"admin";2199089;2006
"547";1586;"Kiefer.Wolfowitz";0;"inscrit";39688;2009
"548";1599;"Kleinzach";0;"inscrit";78797;2005
"549";1600;"Pvmoutside";0;"inscrit";98855;2006
"550";1602;"EdYuan";0;"inscrit";2114;2015
"551";1605;"Postcard_Cathy";0;"inscrit";109537;2006
"552";1614;"68.194.91.23";1;"anonyme";5158;2008
"553";1618;"MrVenaCava";0;"inscrit";1392;2015
"554";1622;"ESCSamuel";0;"inscrit";37;2015
"555";1623;"Jjj1238";0;"inscrit";15889;2013
"556";1625;"Appetizer8088";0;"inscrit";1524;2013
"557";1626;"Wesley_Wolf";0;"inscrit";42630;2011
"558";1628;"50.153.223.9";1;"anonyme";1;2015
"559";1629;"Akinranbu";0;"inscrit";1269;2011
"560";1630;"212.199.205.68";1;"anonyme";35;2011
"561";1638;"109.186.52.83";1;"anonyme";1;2015
"562";1639;"Keanu_Ariel";0;"inscrit";48;2012
"563";1640;"149.78.117.141";1;"anonyme";9;2015
"564";1643;"Moleculo";0;"inscrit";158;2007
"565";1644;"KoenDelaere";0;"inscrit";351;2007
"566";1646;"Naelsis";0;"inscrit";265;2014
"567";1650;"79.179.179.62";1;"anonyme";4;2015
"568";1651;"109.91.227.189";1;"anonyme";3859;2014
"569";1658;"84.108.208.24";1;"anonyme";2;2015
"570";1661;"Tony1";0;"inscrit";152305;2005
"571";1666;"Greece_2005";0;"inscrit";169;2014
"572";1667;"79.166.117.122";1;"anonyme";2;2011
"573";1671;"Talcorta91";0;"inscrit";1068;2012
"574";1672;"91.195.137.180";1;"anonyme";113;2015
"575";1674;"Greenock125";0;"inscrit";29908;2007
"576";1686;"190.237.143.61";1;"anonyme";2;2016
"577";1689;"2.123.70.79";1;"anonyme";728;2017
"578";1690;"In_ictu_oculi";0;"inscrit";145703;2009
"579";1691;"Gadget850";0;"admin";115579;2005
"580";1694;"Neo-Jay";0;"inscrit";37205;2005
"581";1696;"Famartin";0;"inscrit";18736;2004
"582";1697;"Tinton5";0;"inscrit";88647;2009
"583";1699;"Djkeddie";0;"inscrit";6713;2006
"584";1701;"Buttons_to_Push_Buttons";0;"inscrit";18622;2006
"585";1708;"Zowie";0;"inscrit";1589;2005
"586";1709;"Lithopsian";0;"inscrit";25738;2008
"587";1711;"Loooke";0;"inscrit";8256;2016
"588";1713;"Graeme_Bartlett";0;"admin";97295;2004
"589";1715;"Onel5969";0;"inscrit";151914;2009
"590";1716;"Narky_Blert";0;"inscrit";88306;2014
"591";1718;"Emoscopes";0;"inscrit";7298;2005
"592";1719;"Alaibot";0;"inscrit";434501;2006
"593";1721;"130.13.180.89";1;"anonyme";1;2007
"594";1727;"Haus";0;"inscrit";39822;2006
"595";1729;"81.193.124.60";1;"anonyme";714;2005
"596";1736;"JonEastham";0;"inscrit";4046;2006
"597";1737;"Dawkeye";0;"inscrit";32758;2006
"598";1744;"Lightbot";0;"inscrit";791863;2008
"599";1748;"Xuaxo";0;"inscrit";91;2005
"600";1751;"1exec1";0;"inscrit";50085;2008
"601";1752;"Alifazal";0;"inscrit";31846;2005
"602";1754;"Adamdaley";0;"inscrit";40162;2006
"603";1761;"HantsAV";0;"inscrit";3278;2012
"604";1762;"Llammakey";0;"inscrit";38817;2014
"605";1768;"Monkbot";0;"bot";358918;2014
"606";1771;"Trappist_the_monk";0;"admin";189144;2009
"607";1773;"Pvgillis";0;"inscrit";68;2009
"608";1774;"Whispering";0;"inscrit";13367;2005
"609";1780;"151.151.73.163";1;"anonyme";363;2006
"610";1781;"WFinch";0;"inscrit";47011;2006
"611";1783;"Kaaphi";0;"inscrit";304;2005
"612";1786;"123denholm";0;"inscrit";2;2010
"613";1787;"XLinkBot";0;"inscrit";617097;2008
"614";1791;"Schu1990";0;"inscrit";2;2010
"615";1792;"24.118.93.88";1;"anonyme";23;2010
"616";1793;"Joshyfoshy";0;"inscrit";1;2010
"617";1796;"71.97.235.236";1;"anonyme";1;2010
"618";1799;"Sunao_shimomura";0;"inscrit";216;2007
"619";1805;"68.117.55.47";1;"anonyme";3;2010
"620";1807;"95.147.71.181";1;"anonyme";1;2010
"621";1809;"Oneortwo";0;"inscrit";3;2010
"622";1810;"Writersassociation";0;"inscrit";6;2010
"623";1811;"Poetrygirl332";0;"inscrit";63;2010
"624";1812;"66.55.198.142";1;"anonyme";12;2006
"625";1816;"Thegraciousfew";0;"inscrit";6127;2006
"626";1818;"192.104.181.227";1;"anonyme";618;2005
"627";1821;"Pacofender";0;"inscrit";2;2009
"628";1823;"Pklala";0;"inscrit";66;2007
"629";1827;"173.8.104.241";1;"anonyme";124;2008
"630";1829;"63.237.114.10";1;"anonyme";452;2005
"631";1836;"Classicgabe";0;"inscrit";1;2011
"632";1838;"Woohookitty";0;"admin";609787;2004
"633";1840;"67.142.173.26";1;"anonyme";147;2010
"634";1842;"ShelfSkewed";0;"inscrit";160584;2006
"635";1846;"165.24.201.150";1;"anonyme";80;2011
"636";1852;"85.232.8.107";1;"anonyme";1;2012
"637";1853;"Dummies102";0;"inscrit";82;2006
"638";1858;"MPLSfanboy";0;"inscrit";1;2012
"639";1860;"24.241.225.135";1;"anonyme";3;2008
"640";1862;"186.188.13.176";1;"anonyme";1;2012
"641";1868;"UltraRainbows";0;"inscrit";2858;2011
"642";1870;"Phil_Bridger";0;"inscrit";34548;2007
"643";1871;"Ohconfucius";0;"inscrit";294015;2005
"644";1877;"Ground_Zero";0;"admin";143273;2005
"645";1880;"Aboutmovies";0;"inscrit";361579;2006
"646";1882;"66.41.154.0";1;"anonyme";506;2013
"647";1883;"2602:306:CD0E:CAA0:19F2:ACF:F07A:13D4";1;"anonyme";1;2013
"648";1887;"91.55.180.147";1;"anonyme";1;2014
"649";1888;"75.72.190.245";1;"anonyme";1;2014
"650";1889;"50.140.212.120";1;"anonyme";4;2014
"651";1890;"Timothyzilo";0;"inscrit";28;2013
"652";1893;"JohnCD";0;"admin";130355;2006
"653";1896;"2601:2:5400:15C:BC97:534B:F186:7F72";1;"anonyme";1;2014
"654";1898;"71.21.246.1";1;"anonyme";910;2013
"655";1900;"Paul_Erik";0;"inscrit";52085;NA
"656";1903;"76.77.192.37";1;"anonyme";22;2010
"657";1904;"97.116.179.86";1;"anonyme";1;2015
"658";1908;"12.180.133.18";1;"anonyme";7734;2015
"659";1910;"Mx._Granger";0;"inscrit";43020;2007
"660";1923;"129.176.197.23";1;"anonyme";117;2008
"661";1925;"69.14.153.184";1;"anonyme";4272;2014
"662";1927;"140.209.60.193";1;"anonyme";8;2017
"663";1931;"50.200.139.254";1;"anonyme";2;2017
"664";1932;"Garzo";0;"admin";21573;2004
"665";1933;"207.200.116.199";1;"anonyme";1241;2005
"666";1935;"Malo";0;"admin";25947;2004
"667";1937;"Laughing100";0;"inscrit";40;2006
"668";1938;"DomBot";0;"inscrit";6861;2006
"669";1939;"Ephilei";0;"inscrit";2028;2005
"670";1941;"152.3.70.184";1;"anonyme";4;2007
"671";1946;"Crystallina";0;"inscrit";52432;2005
"672";1948;"Vanished_user_ewfisn2348tui2f8n2fio2utjfeoi210r39jf";0;"inscrit";45314;2007
"673";1950;"ArthurBot";0;"inscrit";259345;2008
"674";1951;"Fitzburgh";0;"inscrit";149;2007
"675";1953;"65.78.6.67";1;"anonyme";154;2007
"676";1954;"Ego_White_Tray";0;"inscrit";20267;2010
"677";1956;"VanishedUserABC";0;"inscrit";78528;2007
"678";1962;"Angeldomcer";0;"inscrit";6;2009
"679";1963;"ReformedArsenal";0;"inscrit";3984;2011
"680";1968;"Evanh2008";0;"inscrit";15499;2010
"681";1969;"Hijiri88";0;"inscrit";19982;2005
"682";1971;"Jayaguru-Shishya";0;"inscrit";9405;2013
"683";1976;"Jujutsuan";0;"inscrit";4865;2016
"684";1982;"Editor2020";0;"inscrit";89237;2007
"685";1988;"Hut_8.5";0;"admin";43646;2006
"686";1989;"MrNiceGuy1113";0;"inscrit";22205;2012
"687";1990;"PaulinSaudi";0;"inscrit";15914;2003
"688";1992;"Brenont";0;"inscrit";15768;2007
"689";1994;"99.165.74.38";1;"anonyme";51;2013
"690";1998;"198.234.62.130";1;"anonyme";382;2005
"691";2000;"T_smitts";0;"inscrit";2386;2005
"692";2002;"Snickers2686";0;"inscrit";20317;2013
"693";2004;"204.57.9.33";1;"anonyme";107;2013
"694";2005;"173.88.167.198";1;"anonyme";226;2016
"695";2008;"Bobo192";0;"admin";112996;2004
"696";2009;"BOTijo";0;"bot";398373;2007
"697";2011;"DShamen";0;"inscrit";13711;2006
"698";2012;"Motmit";0;"inscrit";21492;2007
"699";2019;"Billinghurst";0;"admin";31987;2007
"700";2026;"Rcb1";0;"inscrit";24629;2007
"701";2027;"Jevansen";0;"inscrit";253694;2006
"702";2034;"64.109.248.118";1;"anonyme";224;2005
"703";2035;"Feydey";0;"admin";36751;2005
"704";2036;"HollyAm";0;"inscrit";6242;2002
"705";2042;"El_Gringo";0;"inscrit";1192;2005
"706";2043;"Eastlaw";0;"inscrit";78848;2006
"707";2046;"Auric";0;"inscrit";88782;2003
"708";2053;"BobJones77";0;"inscrit";1536;2007
"709";2059;"68.199.152.146";1;"anonyme";168;2007
"710";2060;"TonyTheTiger";0;"inscrit";364320;2006
"711";2061;"Kbdankbot";0;"inscrit";184258;2008
"712";2064;"Kingbird1";0;"inscrit";82084;2007
"713";2065;"William_Allen_Simpson";0;"inscrit";21104;2005
"714";2069;"Jun_Nijo";0;"inscrit";9763;2009
"715";2083;"Dru_of_Id";0;"inscrit";10146;2011
"716";2091;"86.40.98.192";1;"anonyme";861;2012
"717";2093;"Johnpacklambert";0;"inscrit";325457;2006
"718";2094;"Kraxler";0;"inscrit";35312;2006
"719";2098;"Alechuncho";0;"inscrit";13269;2009
"720";2099;"Manxuc";0;"inscrit";171;2009
"721";2101;"Fram";0;"admin";177019;2005
"722";2102;"King_of_the_North_East";0;"inscrit";49407;2006
"723";2106;"201.246.59.44";1;"anonyme";3;2010
"724";2108;"200.104.140.160";1;"anonyme";3;2010
"725";2109;"201.246.56.196";1;"anonyme";1;2010
"726";2111;"200.50.57.51";1;"anonyme";7;2010
"727";2113;"85.243.222.217";1;"anonyme";8;2010
"728";2115;"190.45.221.146";1;"anonyme";2789;2010
"729";2120;"200.112.77.252";1;"anonyme";3;2010
"730";2122;"Middayexpress";0;"inscrit";109244;2008
"731";2124;"200.50.58.227";1;"anonyme";5;2010
"732";2134;"190.100.224.81";1;"anonyme";1;2011
"733";2137;"Sir_Sputnik";0;"inscrit";107091;2008
"734";2154;"Bine_Mai";0;"inscrit";41601;2007
"735";2155;"SebastianHelm";0;"admin";18750;2003
"736";2159;"Shore3";0;"inscrit";145;2008
"737";2162;"Beagel";0;"inscrit";85114;2006
"738";2167;"Hadrianheugh";0;"inscrit";6199;2007
"739";2169;"Vmenkov";0;"inscrit";24132;2006
"740";2185;"Lklundin";0;"inscrit";21895;2006
"741";2186;"Ardhie14";0;"inscrit";2;2009
"742";2187;"152.3.249.43";1;"anonyme";15;2007
"743";2196;"61.94.253.140";1;"anonyme";8;2011
"744";2200;"MCBot";0;"inscrit";849;2009
"745";2208;"DAJF";0;"inscrit";83384;2005
"746";2209;"Biscuittin";0;"inscrit";69374;2007
"747";2217;"Vegaswikian";0;"admin";270510;2005
"748";2221;"Fti74";0;"inscrit";2348;2008
"749";2227;"Joseph_A._Spadaro";0;"inscrit";67677;2007
"750";2234;"Mm3033";0;"inscrit";2242;2009
"751";2235;"Supahsplash3257";0;"inscrit";35;2011
"752";2240;"Peter_Horn";0;"inscrit";76688;2006
"753";2246;"Idioma-bot";0;"inscrit";55031;2006
"754";2249;"Jimp";0;"admin";64660;2005
"755";2251;"Aaron-Tripel";0;"inscrit";23025;2011
"756";2256;"DePiep";0;"inscrit";156100;2005
"757";2258;"62.25.109.197";1;"anonyme";4468;2007
"758";2262;"78.86.162.12";1;"anonyme";75;2015
"759";2269;"Slambo";0;"admin";166855;2004
"760";2272;"Hksn127";0;"inscrit";775;2014
"761";2274;"Noirish";0;"inscrit";11972;2005
"762";2280;"Lugnuts";0;"inscrit";651073;2006
"763";2283;"Anomie";0;"admin";26741;2005
"764";2287;"Walkingtalkingmammal";0;"inscrit";11302;2009
"765";2291;"TortoiseWrath";0;"inscrit";1911;2012
"766";2296;"86.167.92.243";1;"anonyme";54;2014
"767";2297;"Ulric1313";0;"inscrit";156472;2008
"768";2298;"109.154.37.92";1;"anonyme";2;2016
"769";2299;"Opencooper";0;"inscrit";22851;2014
"770";2300;"Lord_Cornwallis";0;"inscrit";183224;2007
"771";2301;"Kev519";0;"inscrit";12622;2016
"772";2306;"Jengod";0;"admin";47867;2003
"773";2307;"Helpful_Pixie_Bot";0;"bot";571497;2011
"774";2311;"Paleontolog~enwiki";0;"inscrit";1;2013
"775";2312;"SomeRandomPasserby";0;"inscrit";2803;2015
"776";2313;"Mr._Magoo_and_McBarker";0;"inscrit";4816;2014
"777";2314;"KBH96";0;"inscrit";21142;2014
"778";2324;"Polbot";0;"inscrit";208184;2007
"779";2325;"Quadell";0;"admin";107303;2003
"780";2328;"Aranae";0;"inscrit";15275;2004
"781";2330;"HenkvD";0;"inscrit";12953;2004
"782";2333;"TXiKiBoT";0;"inscrit";567654;2007
"783";2335;"Chermundy";0;"inscrit";12108;2010
"784";2338;"62.107.214.63";1;"anonyme";98;2010
"785";2340;"WolfmanSF";0;"inscrit";58616;2006
"786";2345;"Lesnail";0;"inscrit";5969;2005
"787";2347;"RioHondo";0;"inscrit";50864;2012
"788";2348;"TuHan-Bot";0;"inscrit";55347;2010
"789";2349;"KLBot2";0;"bot";96688;2011
"790";2353;"Simuliid";0;"inscrit";23278;2009
"791";2354;"NSH002";0;"inscrit";12756;2009
"792";2357;"Look2See1";0;"inscrit";212171;2010
"793";2360;"XJaM";0;"admin";11279;2002
"794";2361;"12.91.171.38";1;"anonyme";2;2003
"795";2363;"Seth_Ilys";0;"admin";46881;2003
"796";2365;"Tannin";0;"admin";12304;2002
"797";2367;"Superninja";0;"inscrit";177;2004
"798";2371;"Saforrest";0;"inscrit";17204;2003
"799";2375;"129.78.64.100";1;"anonyme";1100;2003
"800";2376;"Csabo";0;"inscrit";422;2004
"801";2378;"Jni";0;"admin";18707;2003
"802";2379;"AlistairMcMillan";0;"admin";30400;2004
"803";2380;"Beamishboy";0;"inscrit";82;2004
"804";2382;"81.179.240.73";1;"anonyme";2;2005
"805";2384;"Stevelinton";0;"inscrit";26;2005
"806";2387;"Enochlau";0;"admin";18866;2004
"807";2391;"Allansteel";0;"inscrit";319;NA
"808";2399;"SH_111";0;"inscrit";35;2006
"809";2400;"62.8.160.190";1;"anonyme";7;2006
"810";2404;"Den_fj";0;"inscrit";NA;NA
"811";2405;"Jan.Kamenicek";0;"inscrit";7078;2005
"812";2406;"Wetman";0;"inscrit";91096;2003
"813";2411;"Supersexyspacemonkey";0;"inscrit";1485;2004
"814";2413;"MisfitToys";0;"admin";48568;2004
"815";2416;"Miwasatoshi";0;"inscrit";12245;2005
"816";2424;"Dogears";0;"inscrit";10264;2005
"817";2433;"Shyam";0;"admin";25267;2005
"818";2434;"Esmer";0;"inscrit";NA;NA
"819";2435;"Hello32020";0;"inscrit";11194;2006
"820";2437;"Aecis";0;"admin";36712;2004
"821";2440;"Raymond_Cruise";0;"inscrit";80412;2005
"822";2441;"Emijrp";0;"inscrit";36396;2005
"823";2444;"81.39.30.168";1;"anonyme";6;2008
"824";2448;"User?101";0;"inscrit";NA;NA
"825";2449;"Robbot";0;"inscrit";94607;2003
"826";2451;"Rubinbot";0;"inscrit";43100;2008
"827";2459;"WikitanvirBot";0;"inscrit";144145;2010
"828";2463;"RedBot";0;"inscrit";132316;2009
"829";2466;"YFdyh-bot";0;"inscrit";166786;2012
"830";2480;"76.20.25.243";1;"anonyme";4810;2014
"831";2483;"Spiderjerky";0;"inscrit";44358;2014
"832";2484;"WereSpielChequers";0;"admin";180814;2007
"833";2485;"Bejnar";0;"inscrit";48890;2005
"834";2486;"Giraffedata";0;"inscrit";64272;2004
"835";2495;"The_Tom";0;"admin";20662;2003
"836";2496;"BRW";0;"inscrit";4093;2004
"837";2498;"Prsephone1674";0;"inscrit";1574;2004
"838";2500;"Whobot";0;"inscrit";26807;2005
"839";2503;"NYArtsnWords";0;"inscrit";12137;2005
"840";2507;"Rama";0;"admin";37719;2004
"841";2509;"Esperant";0;"inscrit";10655;2004
"842";2511;"Travelbird";0;"inscrit";26643;2006
"843";2513;"Fat_pig73";0;"inscrit";18367;2004
"844";2514;"Kbdank71";0;"admin";125935;2005
"845";2516;"90.12.25.86";1;"anonyme";1;2006
"846";2517;"Hektor";0;"inscrit";52157;2004
"847";2519;"Perspicacite";0;"inscrit";6334;2007
"848";2522;"Carl_Logan";0;"inscrit";8204;2005
"849";2531;"82.255.199.246";1;"anonyme";2;2007
"850";2533;"Kintetsubuffalo";0;"inscrit";181024;2005
"851";2534;"Neddyseagoon";0;"inscrit";139074;2006
"852";2536;"138.48.18.255";1;"anonyme";1;2008
"853";2539;"82.233.35.177";1;"anonyme";1;2008
"854";2541;"XLerate";0;"inscrit";31489;2005
"855";2544;"86.68.28.131";1;"anonyme";9;2008
"856";2550;"64.254.252.26";1;"anonyme";3;2009
"857";2552;"WhisperToMe";0;"admin";470747;2003
"858";2557;"Colonies_Chris";0;"inscrit";316124;2005
"859";2559;"Pohick2";0;"inscrit";30560;2008
"860";2563;"129.104.247.2";1;"anonyme";723;2003
"861";2565;"79.12.116.170";1;"anonyme";2;2010
"862";2566;"Timaspb";0;"inscrit";15;2010
"863";2567;"Therequiembellishere";0;"inscrit";95435;2006
"864";2572;"83.244.130.166";1;"anonyme";514;2010
"865";2579;"Beryllium1984";0;"inscrit";33;2011
"866";2580;"Pdfpdf";0;"inscrit";49776;2007
"867";2581;"65.93.12.101";1;"anonyme";469;2011
"868";2582;"DocWatson42";0;"inscrit";96647;2004
"869";2587;"Bob247";0;"inscrit";20570;2005
"870";2590;"JarBot";0;"bot";60755;2015
"871";2591;"Abhijeet_Safai";0;"inscrit";4943;2011
"872";2592;"Mblumber";0;"inscrit";8256;2006
"873";2596;"Darkwind";0;"admin";39338;2003
"874";2597;"Prathamesh.murkute";0;"inscrit";24;2011
"875";2599;"123.237.2.147";1;"anonyme";7;2011
"876";2607;"59.99.238.61";1;"anonyme";12;2012
"877";2616;"ImageRemovalBot";0;"bot";315733;2007
"878";2621;"58.68.122.162";1;"anonyme";40;2009
"879";2628;"98.222.40.132";1;"anonyme";1;2012
"880";2633;"Derek_R_Bullamore";0;"inscrit";206557;2005
"881";2639;"Shamshuddinpune";0;"inscrit";5;2012
"882";2648;"122.170.75.43";1;"anonyme";3;2013
"883";2651;"Qwyrxian";0;"admin";57186;2006
"884";2657;"115.241.237.80";1;"anonyme";3;2012
"885";2660;"123.201.209.114";1;"anonyme";1;2014
"886";2664;"Vivekkush1983";0;"inscrit";275;2015
"887";2668;"Vivek_patil_mumbai";0;"inscrit";1;2015
"888";2670;"98.210.97.98";1;"anonyme";7;2015
"889";2679;"73.223.112.187";1;"anonyme";12;2015
"890";2692;"72.208.170.30";1;"anonyme";24;2016
"891";2705;"2607:F470:6:5002:5136:F21D:B7FB:E9DC";1;"anonyme";1;2016
"892";2706;"2607:F470:6:1004:C5D7:5328:66F5:BCC";1;"anonyme";1;2016
"893";2707;"96.58.214.115";1;"anonyme";1;2016
"894";2708;"2607:F470:6:5002:A1FC:502:7F3D:5655";1;"anonyme";12;2015
"895";2709;"2607:F470:6:1004:1969:BB9A:D936:9AE4";1;"anonyme";2;2016
"896";2710;"117.240.117.242";1;"anonyme";25;2016
"897";2720;"220_of_Borg";0;"inscrit";33350;2011
"898";2721;"Woodlot";0;"inscrit";15598;2009
"899";2727;"Vanamonde93";0;"admin";35375;2012
"900";2747;"Nirmanghosh";0;"inscrit";31;2017
"901";2748;"CambridgeBayWeather";0;"admin";198815;2005
"902";2750;"AntanO";0;"inscrit";8060;2011
"903";2752;"Nocowardsoulismine";0;"inscrit";24518;2007
"904";2753;"Samuel_Wiki";0;"inscrit";14992;2005
"905";2754;"Wheee";0;"inscrit";47;2006
"906";2756;"86.144.136.135";1;"anonyme";2;2006
"907";2758;"200.168.84.235";1;"anonyme";2;2006
"908";2759;"189.146.55.104";1;"anonyme";4;2006
"909";2761;"Rougevelvet";0;"inscrit";35;2006
"910";2763;"Vieira1986";0;"inscrit";66;2006
"911";2764;"89.136.179.192";1;"anonyme";28;2006
"912";2766;"IslaySolomon";0;"inscrit";2013;2006
"913";2768;"81.154.133.30";1;"anonyme";5;2007
"914";2769;"Jonjonz";0;"inscrit";22;2006
"915";2770;"81.153.213.98";1;"anonyme";1;2007
"916";2772;"77.179.73.247";1;"anonyme";12;2007
"917";2774;"212.80.67.131";1;"anonyme";62;2006
"918";2776;"Smbarnzy";0;"inscrit";3521;2006
"919";2777;"81.132.103.97";1;"anonyme";1;2007
"920";2778;"84.9.145.113";1;"anonyme";6;2007
"921";2779;"129.234.4.76";1;"anonyme";2797;2004
"922";2780;"Tasteinmen";0;"inscrit";9;2007
"923";2781;"Fritz_Saalfeld";0;"inscrit";20581;2005
"924";2783;"OrphanBot";0;"inscrit";654820;2005
"925";2784;"Jogers";0;"admin";34766;2005
"926";2786;"82.69.23.7";1;"anonyme";240;2004
"927";2787;"MegX";0;"inscrit";39750;2006
"928";2792;"189.181.46.154";1;"anonyme";1;2007
"929";2793;"Fonteyol";0;"inscrit";313;2005
"930";2796;"ESkog";0;"admin";78295;2005
"931";2802;"Matthead";0;"inscrit";20674;2004
"932";2804;"74.123.18.17";1;"anonyme";32;2007
"933";2807;"Ewlyahoocom";0;"inscrit";19144;2005
"934";2808;"87.2.41.225";1;"anonyme";10;2007
"935";2810;"201.1.182.133";1;"anonyme";1;2007
"936";2811;"89.137.224.236";1;"anonyme";15;2007
"937";2813;"74.173.196.238";1;"anonyme";29;2007
"938";2822;"200.204.187.172";1;"anonyme";1;2007
"939";2824;"Nacho_lokura";0;"inscrit";31;2007
"940";2826;"8.12.144.17";1;"anonyme";175;2007
"941";2828;"A.R.";0;"inscrit";6941;2005
"942";2830;"Hammersoft";0;"inscrit";57873;2006
"943";2834;"User5967253162";0;"inscrit";281;2007
"944";2842;"Mtndrums";0;"inscrit";6913;2007
"945";2860;"91.132.158.2";1;"anonyme";74;2008
"946";2863;"Ericorbit";0;"admin";57354;2005
"947";2869;"GrimReaper75";0;"inscrit";6058;2007
"948";2870;"198.54.202.102";1;"anonyme";428;2008
"949";2871;"85.225.94.85";1;"anonyme";1;2008
"950";2873;"Pomte";0;"inscrit";15198;2006
"951";2874;"58.106.60.114";1;"anonyme";17;2008
"952";2876;"G-rad";0;"inscrit";202;2006
"953";2877;"Naerii";0;"inscrit";4914;2007
"954";2882;"220.253.19.86";1;"anonyme";4;2008
"955";2898;"ONEder_Boy";0;"inscrit";18899;2005
"956";2900;"189.78.151.147";1;"anonyme";1;2008
"957";2901;"Drewcifer3000";0;"inscrit";17622;2006
"958";2903;"77.49.77.7";1;"anonyme";1;2008
"959";2905;"79.114.64.222";1;"anonyme";2;2008
"960";2906;"Doc_Strange";0;"inscrit";19792;2005
"961";2908;"Abu-Dun";0;"inscrit";1774;2005
"962";2910;"RachelSummers77";0;"inscrit";518;2007
"963";2911;"Voloschka";0;"inscrit";1;2008
"964";2912;"77.205.17.215";1;"anonyme";3;2008
"965";2915;"Stefanminogue";0;"inscrit";87;2008
"966";2917;"Rupertwalker";0;"inscrit";31;2007
"967";2920;"81.98.3.39";1;"anonyme";19;2008
"968";2922;"82.10.246.117";1;"anonyme";665;2008
"969";2923;"Susanaferenc";0;"inscrit";4;2008
"970";2927;"83.165.198.75";1;"anonyme";46;2008
"971";2928;"Ss112";0;"inscrit";183214;2006
"972";2935;"Otto8otto";0;"inscrit";825;2007
"973";2936;"58.172.208.110";1;"anonyme";12;2008
"974";2937;"Wardfabio";0;"inscrit";1;2009
"975";2938;"83.13.29.203";1;"anonyme";13;2008
"976";2939;"HexaChord";0;"inscrit";29105;2008
"977";2942;"68.164.235.141";1;"anonyme";1;2009
"978";2946;"Warsawication";0;"inscrit";2;2009
"979";2948;"194.145.96.51";1;"anonyme";341;2006
"980";2950;"79.33.146.128";1;"anonyme";1;2009
"981";2951;"93.69.32.212";1;"anonyme";4;2009
"982";2952;"Zundark";0;"inscrit";27905;2001
"983";2956;"190.152.168.172";1;"anonyme";2;2009
"984";2957;"24.7.69.232";1;"anonyme";75;2005
"985";2959;"91.176.36.66";1;"anonyme";3;2009
"986";2962;"124.171.216.142";1;"anonyme";2;2009
"987";2963;"84.9.144.138";1;"anonyme";7;2009
"988";2964;"Billy4kate";0;"inscrit";4358;2007
"989";2965;"Z0$addc$c22";0;"inscrit";6;2009
"990";2969;"HeadlightMorning";0;"inscrit";2072;2008
"991";2985;"201.149.226.233";1;"anonyme";3;2009
"992";2987;"83.225.98.170";1;"anonyme";1;2009
"993";2992;"85.31.179.238";1;"anonyme";1;2009
"994";2993;"MauritsBot";0;"inscrit";14490;2008
"995";2994;"84.27.81.235";1;"anonyme";5;2007
"996";2995;"190.164.47.10";1;"anonyme";23;2009
"997";3003;"92.232.223.181";1;"anonyme";51;2008
"998";3004;"92.72.92.15";1;"anonyme";1;2009
"999";3005;"85.124.93.2";1;"anonyme";53;2007
"1000";3006;"114.78.107.86";1;"anonyme";19;2009
"1001";3010;"93.69.62.163";1;"anonyme";8;2009
"1002";3013;"92.106.57.216";1;"anonyme";3;2009
"1003";3015;"79.114.16.245";1;"anonyme";2;2009
"1004";3016;"Mister_sparky";0;"inscrit";15630;2008
"1005";3040;"213.65.94.224";1;"anonyme";2;2009
"1006";3041;"217.228.203.122";1;"anonyme";1;2009
"1007";3054;"200.40.206.61";1;"anonyme";3;2009
"1008";3060;"80.195.213.77";1;"anonyme";13;2009
"1009";3061;"Gaelic_Storm";0;"inscrit";9;2008
"1010";3063;"79.183.54.55";1;"anonyme";1;2010
"1011";3067;"110.33.0.109";1;"anonyme";53;2010
"1012";3073;"Hamletyamil";0;"inscrit";156;2006
"1013";3077;"FogDevil";0;"inscrit";3600;2007
"1014";3079;"86.6.160.20";1;"anonyme";80;2009
"1015";3081;"Ptbotgourou";0;"inscrit";66481;2008
"1016";3095;"MontyPhyton";0;"inscrit";74;2009
"1017";3096;"24.158.168.173";1;"anonyme";1;2010
"1018";3098;"CommonsDelinker";0;"bot";566488;2006
"1019";3100;"ScottMHoward";0;"inscrit";8765;2009
"1020";3103;"Zonyx";0;"inscrit";13466;2010
"1021";3105;"95.136.106.83";1;"anonyme";8;2010
"1022";3108;"98.132.195.56";1;"anonyme";97;2009
"1023";3109;"109.120.30.202";1;"anonyme";1;2010
"1024";3110;"General_Fiasco";0;"inscrit";607;2010
"1025";3111;"Amylee-britney";0;"inscrit";351;2010
"1026";3113;"187.176.127.79";1;"anonyme";5;2010
"1027";3115;"Muhandes";0;"inscrit";93324;2007
"1028";3119;"86.25.244.66";1;"anonyme";6;2010
"1029";3121;"200.58.77.83";1;"anonyme";15;2009
"1030";3125;"93.75.93.130";1;"anonyme";1;2011
"1031";3126;"125.13.249.36";1;"anonyme";516;2010
"1032";3128;"Alinblack";0;"inscrit";2798;2007
"1033";3129;"Scentlessapprentice";0;"inscrit";1486;2005
"1034";3131;"92.5.14.123";1;"anonyme";1;2011
"1035";3133;"114.77.79.36";1;"anonyme";244;2010
"1036";3134;"119.175.24.225";1;"anonyme";20;2011
"1037";3136;"Lachlan_Foley";0;"inscrit";25467;2009
"1038";3138;"Marchije";0;"inscrit";8694;2008
"1039";3147;"58.106.195.174";1;"anonyme";15;2011
"1040";3157;"126.107.90.90";1;"anonyme";334;2011
"1041";3159;"Agentlame";0;"inscrit";140;2008
"1042";3160;"Eric78420";0;"inscrit";233;2009
"1043";3163;"93.229.110.103";1;"anonyme";22;2012
"1044";3165;"WWETrishMickiefan";0;"inscrit";1985;2012
"1045";3186;"Taty2007";0;"inscrit";372;2008
"1046";3191;"86.177.45.54";1;"anonyme";2;2012
"1047";3192;"Neon_Flow";0;"inscrit";817;2007
"1048";3193;"SinLoodak";0;"inscrit";262;2012
"1049";3194;"79.150.178.52";1;"anonyme";1;2012
"1050";3195;"EclecticEnnui";0;"inscrit";5025;2010
"1051";3197;"83.192.134.18";1;"anonyme";7;2012
"1052";3198;"PM800";0;"inscrit";21113;2009
"1053";3207;"Chartbot";0;"bot";26135;2013
"1054";3210;"Loginnigol";0;"inscrit";24437;2010
"1055";3217;"186.10.8.104";1;"anonyme";1;2013
"1056";3218;"86.179.146.255";1;"anonyme";10;2013
"1057";3224;"109.154.83.250";1;"anonyme";343;2013
"1058";3226;"Discospinster";0;"admin";267694;2004
"1059";3228;"188.195.243.244";1;"anonyme";458;2013
"1060";3230;"77.97.12.211";1;"anonyme";433;2011
"1061";3235;"Comablack182";0;"inscrit";1533;2007
"1062";3237;"86.151.229.75";1;"anonyme";221;2013
"1063";3239;"90.7.136.196";1;"anonyme";4;2008
"1064";3241;"Dudge1983";0;"inscrit";25;2010
"1065";3242;"Violetcries";0;"inscrit";4476;2013
"1066";3243;"105.224.52.197";1;"anonyme";259;2013
"1067";3247;"Deivm7";0;"inscrit";2002;2013
"1068";3249;"86.135.252.50";1;"anonyme";74;2014
"1069";3265;"109.102.109.144";1;"anonyme";18;2013
"1070";3267;"90.192.241.42";1;"anonyme";2;2007
"1071";3307;"2606:A000:6AEB:E800:742A:4862:6030:5FBD";1;"anonyme";1;2015
"1072";3308;"174.108.38.245";1;"anonyme";1;2015
"1073";3309;"Trickykidd";0;"inscrit";256;2014
"1074";3314;"Harry_Canyon";0;"inscrit";1646;2012
"1075";3315;"Nqr9";0;"inscrit";11136;2006
"1076";3320;"BloodyRose";0;"inscrit";677;2008
"1077";3333;"91.217.3.229";1;"anonyme";1;2016
"1078";3334;"93.236.100.50";1;"anonyme";3;2016
"1079";3342;"Democoma";0;"inscrit";770;2014
"1080";3346;"Rfl0216";0;"inscrit";7714;2016
"1081";3347;"Hiddenstranger";0;"inscrit";23580;2009
"1082";3356;"86.166.241.116";1;"anonyme";2;2017
"1083";3357;"Bhadani";0;"admin";204742;2005
"1084";3358;"Rlandmann";0;"admin";51206;2003
"1085";3361;"SimonP";0;"admin";110456;2001
"1086";3367;"Ze_miguel";0;"inscrit";3274;2005
"1087";3368;"NeilFraser";0;"inscrit";907;2005
"1088";3370;"DV8_2XL";0;"inscrit";6808;2004
"1089";3371;"138.88.82.124";1;"anonyme";3;2006
"1090";3373;"65.24.90.172";1;"anonyme";3;2006
"1091";3376;"59.92.200.29";1;"anonyme";6;2006
"1092";3378;"Shyamsunder";0;"inscrit";120028;2006
"1093";3379;"207.171.180.101";1;"anonyme";3783;2003
"1094";3381;"Chinju";0;"inscrit";1823;2002
"1095";3383;"Thoreaulylazy";0;"inscrit";1088;2005
"1096";3385;"Rama's_Arrow";0;"admin";22597;2005
"1097";3387;"203.200.95.130";1;"anonyme";2609;2002
"1098";3391;"YurikBot";0;"inscrit";278165;2005
"1099";3392;"193.251.135.126";1;"anonyme";402;2004
"1100";3394;"193.251.135.124";1;"anonyme";457;2004
"1101";3406;"212.57.240.20";1;"anonyme";25;2004
"1102";3408;"Balarishi";0;"inscrit";68;2005
"1103";3409;"Fastfission";0;"admin";17173;2004
"1104";3410;"Aleezain";0;"inscrit";9;2006
"1105";3411;"Tangotango";0;"admin";10935;2005
"1106";3412;"88.64.66.99";1;"anonyme";3;2006
"1107";3413;"213.42.2.22";1;"anonyme";1276;2004
"1108";3414;"195.229.241.183";1;"anonyme";130;2004
"1109";3415;"68.167.120.226";1;"anonyme";3;2005
"1110";3417;"Ahseaton";0;"inscrit";811;2004
"1111";3419;"Deeppak";0;"inscrit";16;2006
"1112";3420;"59.144.76.116";1;"anonyme";8;2006
"1113";3421;"147.9.204.199";1;"anonyme";16;2006
"1114";3422;"Sreekanthv";0;"inscrit";2728;2006
"1115";3423;"Chanakyathegreat";0;"inscrit";6049;2006
"1116";3424;"Apocno10";0;"inscrit";65;2006
"1117";3425;"Kartik.jayan";0;"inscrit";155;2006
"1118";3426;"202.141.68.128";1;"anonyme";67;2006
"1119";3429;"Sniperz11";0;"inscrit";4412;2007
"1120";3430;"125.22.244.182";1;"anonyme";4;2007
"1121";3432;"24.147.86.187";1;"anonyme";403;2006
"1122";3434;"Legaleagle86";0;"inscrit";3732;NA
"1123";3444;"81.94.145.74";1;"anonyme";71;2006
"1124";3446;"Rich257";0;"inscrit";19182;2006
"1125";3448;"Soumyasch";0;"admin";19372;2006
"1126";3449;"210.214.40.186";1;"anonyme";3;2007
"1127";3452;"128.61.98.24";1;"anonyme";1443;2005
"1128";3459;"192.8.198.65";1;"anonyme";378;2006
"1129";3460;"131.130.222.138";1;"anonyme";51;2005
"1130";3462;"210.211.190.186";1;"anonyme";68;2007
"1131";3469;"Roghov";0;"inscrit";69;2007
"1132";3474;"Parth_me";0;"inscrit";22;2007
"1133";3478;"Signalhead";0;"inscrit";30673;2006
"1134";3480;"12.184.59.62";1;"anonyme";3;2007
"1135";3481;"Koffieyahoo";0;"inscrit";2004;2005
"1136";3487;"AussieBoy";0;"inscrit";466;2006
"1137";3509;"161.139.100.150";1;"anonyme";21;2006
"1138";3513;"DuKot";0;"inscrit";1706;2005
"1139";3516;"124.125.105.168";1;"anonyme";6;2007
"1140";3545;"ClueBot";0;"inscrit";1596818;2007
"1141";3630;"82.217.183.115";1;"anonyme";92;2007
"1142";3649;"202.54.42.229";1;"anonyme";14;2007
"1143";3653;"Hibernian";0;"inscrit";21552;2005
"1144";3656;"Init~enwiki";0;"inscrit";170;2005
"1145";3658;"72.189.21.133";1;"anonyme";1;2007
"1146";3660;"Gauravchauhan4";0;"inscrit";57;2007
"1147";3664;"59.95.68.123";1;"anonyme";1;2007
"1148";3667;"203.92.61.5";1;"anonyme";49;2006
"1149";3669;"85.252.101.73";1;"anonyme";36;2007
"1150";3672;"Shrao";0;"inscrit";115;2007
"1151";3674;"CmdrObot";0;"bot";337914;2006
"1152";3681;"Rsintheatre";0;"inscrit";5;2006
"1153";3691;"61.246.5.228";1;"anonyme";8;2007
"1154";3699;"Jon_Ace";0;"inscrit";646;2005
"1155";3716;"81.245.63.195";1;"anonyme";1;2007
"1156";3719;"59.95.124.121";1;"anonyme";5;2007
"1157";3729;"Garion96";0;"admin";51927;2005
"1158";3733;"Thedreamdied";0;"inscrit";1015;2006
"1159";3734;"24.19.229.254";1;"anonyme";1;2007
"1160";3737;"192.104.54.21";1;"anonyme";303;2004
"1161";3739;"Abhishekmathur";0;"inscrit";856;NA
"1162";3742;"Spike_Wilbury";0;"admin";14480;2006
"1163";3745;"Ascorbic";0;"inscrit";1374;2005
"1164";3747;"Bothtones7";0;"inscrit";148;2007
"1165";3751;"59.92.48.124";1;"anonyme";2;2007
"1166";3752;"East718";0;"admin";26019;2006
"1167";3753;"62.49.116.50";1;"anonyme";9;2006
"1168";3754;"59.92.55.125";1;"anonyme";3;2007
"1169";3755;"Muadd";0;"inscrit";1432;2006
"1170";3756;"75.182.102.162";1;"anonyme";9;2007
"1171";3757;"Dcamp314";0;"inscrit";662;2005
"1172";3764;"Mr._XYZ";0;"inscrit";1400;2006
"1173";3765;"LorenzoB";0;"inscrit";8642;2006
"1174";3767;"Alcoved_id";0;"inscrit";419;2005
"1175";3769;"Esprit15d";0;"admin";27787;2005
"1176";3771;"DumZiBoT";0;"inscrit";212289;2007
"1177";3772;"59.95.54.119";1;"anonyme";1;2008
"1178";3774;"220.227.133.250";1;"anonyme";351;2008
"1179";3777;"EjsBot";0;"inscrit";1697;2008
"1180";3779;"203.199.213.131";1;"anonyme";805;2005
"1181";3837;"ParisianBlade";0;"inscrit";4041;2007
"1182";3894;"212.11.57.91";1;"anonyme";63;2006
"1183";3897;"61.1.74.166";1;"anonyme";2;2008
"1184";3900;"61.11.23.144";1;"anonyme";1;2008
"1185";3904;"118.100.18.87";1;"anonyme";1;2008
"1186";3906;"Vividmarx";0;"inscrit";1;2008
"1187";3909;"Pakjak";0;"inscrit";7;2008
"1188";3910;"Baseballbaker23";0;"inscrit";820;2007
"1189";3915;"Vishnava";0;"inscrit";10741;2008
"1190";3916;"117.102.1.243";1;"anonyme";3;2008
"1191";3919;"Sardanaphalus";0;"inscrit";119752;2005
"1192";3921;"84.56.172.237";1;"anonyme";2;2008
"1193";3923;"76.91.146.186";1;"anonyme";8;2008
"1194";3925;"202.46.23.62";1;"anonyme";76;2007
"1195";3930;"Anurag_bhd";0;"inscrit";28;2006
"1196";3932;"Durova";0;"admin";60685;2005
"1197";3933;"Ricky81682";0;"admin";159977;2004
"1198";3935;"Faradayplank";0;"inscrit";13561;2007
"1199";3937;"Atimanob";0;"inscrit";12;2008
"1200";3941;"82.131.40.114";1;"anonyme";1;2008
"1201";3944;"198.231.24.241";1;"anonyme";79;2005
"1202";3946;"119.154.14.179";1;"anonyme";1;2008
"1203";3947;"68.97.237.245";1;"anonyme";4;2008
"1204";3949;"72.179.48.138";1;"anonyme";37;2009
"1205";3951;"202.153.34.82";1;"anonyme";4;2009
"1206";3958;"71.202.94.145";1;"anonyme";1;2009
"1207";3960;"75.50.22.218";1;"anonyme";1;2009
"1208";3965;"122.172.31.38";1;"anonyme";3;2009
"1209";3967;"4.249.60.193";1;"anonyme";1;2009
"1210";3975;"Jayantanth";0;"inscrit";8614;2007
"1211";3976;"85.180.72.230";1;"anonyme";2;2009
"1212";3980;"128.211.179.199";1;"anonyme";1;2009
"1213";3983;"117.195.10.37";1;"anonyme";3;2009
"1214";3984;"Nikhillopes";0;"inscrit";1;2008
"1215";3993;"210.212.189.148";1;"anonyme";6;2009
"1216";3995;"71.67.111.133";1;"anonyme";19;2008
"1217";3999;"Chinmayakrishnan";0;"inscrit";15;2009
"1218";4001;"Bharatgopal";0;"inscrit";300;2009
"1219";4004;"Jason041";0;"inscrit";32;2009
"1220";4006;"Shreevatsa";0;"inscrit";11605;2005
"1221";4009;"RockMFR";0;"admin";28642;2006
"1222";4015;"115.252.36.56";1;"anonyme";11;2009
"1223";4016;"123.2.163.170";1;"anonyme";1;2009
"1224";4017;"Burgeoningknowledge";0;"inscrit";55;2009
"1225";4018;"98.231.210.95";1;"anonyme";11;2009
"1226";4019;"190.213.77.196";1;"anonyme";3;2009
"1227";4024;"76.69.60.17";1;"anonyme";15;2009
"1228";4025;"Rettetast";0;"admin";158774;2006
"1229";4026;"86.156.211.170";1;"anonyme";7;2009
"1230";4028;"Pevernagie";0;"inscrit";3324;2005
"1231";4040;"Jamesofur";0;"admin";4708;2006
"1232";4043;"86.153.133.18";1;"anonyme";4;2009
"1233";4048;"117.96.101.2";1;"anonyme";2;2009
"1234";4049;"SpaceFlight89";0;"inscrit";20482;2009
"1235";4050;"Elockid";0;"admin";42430;2009
"1236";4053;"86.156.215.244";1;"anonyme";4;2009
"1237";4060;"Ironboy11";0;"inscrit";7762;2009
"1238";4061;"Vipinhari";0;"inscrit";19365;2007
"1239";4064;"Fireaxe888";0;"inscrit";3289;2008
"1240";4065;"FUtheresa";0;"inscrit";139;2007
"1241";4072;"Wasell";0;"inscrit";4930;2006
"1242";4073;"59.183.123.159";1;"anonyme";4;2009
"1243";4076;"67.232.134.174";1;"anonyme";1439;2009
"1244";4081;"122.163.176.145";1;"anonyme";5;2010
"1245";4083;"70.26.71.174";1;"anonyme";1;2010
"1246";4086;"74.128.192.89";1;"anonyme";3;2009
"1247";4088;"188.48.180.74";1;"anonyme";8;2010
"1248";4089;"98.225.186.146";1;"anonyme";29;2009
"1249";4094;"59.162.23.19";1;"anonyme";683;2009
"1250";4096;"199.228.98.66";1;"anonyme";117;2009
"1251";4098;"59.92.151.230";1;"anonyme";1;2010
"1252";4101;"Midway";0;"inscrit";11987;2005
"1253";4102;"59.94.119.189";1;"anonyme";3;2009
"1254";4103;"117.194.196.42";1;"anonyme";15;2010
"1255";4105;"Arjun024";0;"inscrit";4792;2007
"1256";4109;"86.179.19.39";1;"anonyme";7;2010
"1257";4113;"Thinking_of_England";0;"inscrit";13211;2009
"1258";4115;"Dricherby";0;"inscrit";5091;2006
"1259";4117;"DumbBOT";0;"bot";193255;2006
"1260";4118;"Umang.joshi";0;"inscrit";30;2006
"1261";4129;"59.93.80.25";1;"anonyme";35;2007
"1262";4131;"Rochelimit";0;"inscrit";9586;2006
"1263";4132;"59.93.72.202";1;"anonyme";3;2006
"1264";4134;"Kolbasz";0;"inscrit";19277;2005
"1265";4145;"117.195.40.169";1;"anonyme";2;2011
"1266";4147;"78.86.51.102";1;"anonyme";1;2011
"1267";4148;"67.232.139.60";1;"anonyme";807;2011
"1268";4149;"184.1.9.237";1;"anonyme";49;2011
"1269";4151;"Psharma.in";0;"inscrit";15;2011
"1270";4154;"Rsmn";0;"inscrit";422;2008
"1271";4155;"FoxBot";0;"inscrit";56039;2009
"1272";4156;"79.230.7.162";1;"anonyme";1;2011
"1273";4158;"119.226.14.34";1;"anonyme";156;2010
"1274";4160;"161.215.18.51";1;"anonyme";1147;2005
"1275";4162;"117.196.223.20";1;"anonyme";1;2011
"1276";4164;"Tatiraju.rishabh";0;"inscrit";4436;2010
"1277";4165;"203.101.61.7";1;"anonyme";301;2005
"1278";4166;"Hobartimus";0;"inscrit";12944;2007
"1279";4167;"123.237.208.138";1;"anonyme";1;2011
"1280";4169;"Reenem";0;"inscrit";31924;2008
"1281";4180;"Joe_Schmedley";0;"inscrit";2435;2006
"1282";4188;"JohnOwens";0;"admin";8079;2002
"1283";4193;"59.178.134.162";1;"anonyme";1;2011
"1284";4195;"D.h";0;"inscrit";2636;2006
"1285";4215;"DBigXray";0;"inscrit";34023;2011
"1286";4224;"184.1.31.6";1;"anonyme";904;2011
"1287";4247;"67.162.93.177";1;"anonyme";8;2011
"1288";4254;"129.186.159.132";1;"anonyme";8;2011
"1289";4257;"Achowat";0;"inscrit";12966;2011
"1290";4260;"Silent_Nemesis2710";0;"inscrit";68;2006
"1291";4262;"Flybywire_e2c";0;"inscrit";205;2009
"1292";4264;"183.83.9.66";1;"anonyme";1;2011
"1293";4266;"Reedy_Bot";0;"bot";128293;2006
"1294";4267;"Kunalkanodia77k";0;"inscrit";111;2011
"1295";4270;"87.127.194.100";1;"anonyme";2;2012
"1296";4272;"174.91.195.219";1;"anonyme";1;2012
"1297";4274;"Dpmuk";0;"admin";10189;2007
"1298";4278;"Grafen";0;"inscrit";59025;2005
"1299";4280;"1.23.92.20";1;"anonyme";3;2012
"1300";4294;"122.161.78.199";1;"anonyme";7;2012
"1301";4295;"TopGun";0;"inscrit";20007;2006
"1302";4296;"122.161.31.230";1;"anonyme";9;2012
"1303";4298;"202.164.150.58";1;"anonyme";4;2012
"1304";4299;"70.138.168.119";1;"anonyme";4;2011
"1305";4305;"Malabika_r";0;"inscrit";2;2012
"1306";4307;"117.211.89.3";1;"anonyme";46;2011
"1307";4309;"28bot";0;"inscrit";93387;2010
"1308";4311;"59.178.45.45";1;"anonyme";3;2007
"1309";4313;"64.194.218.183";1;"anonyme";116;2010
"1310";4314;"Anir1uph";0;"inscrit";11881;2010
"1311";4316;"117.193.251.171";1;"anonyme";3;2012
"1312";4319;"184.1.14.244";1;"anonyme";366;2012
"1313";4335;"115.113.175.180";1;"anonyme";101;2010
"1314";4337;"113.21.69.229";1;"anonyme";1;2012
"1315";4339;"117.219.1.104";1;"anonyme";1;2012
"1316";4341;"Osbormic0";0;"inscrit";2;2012
"1317";4347;"116.202.2.52";1;"anonyme";1;2012
"1318";4350;"71.164.203.200";1;"anonyme";14;2012
"1319";4357;"FishingKing";0;"inscrit";727;2012
"1320";4371;"Thirdright";0;"inscrit";45296;2006
"1321";4378;"184.1.26.162";1;"anonyme";527;2012
"1322";4379;"Wajahat380";0;"inscrit";5;2012
"1323";4389;"Cauterite";0;"inscrit";29;2012
"1324";4391;"Karthikndr";0;"inscrit";19689;2010
"1325";4393;"216.13.179.54";1;"anonyme";26;2011
"1326";4397;"117.195.203.78";1;"anonyme";1;2012
"1327";4399;"Limulus";0;"inscrit";6185;2005
"1328";4489;"115.184.59.61";1;"anonyme";1;2012
"1329";4490;"Kagundu";0;"inscrit";8017;2011
"1330";4491;"182.178.120.120";1;"anonyme";1;2012
"1331";4493;"Rkb76in";0;"inscrit";55;2012
"1332";4494;"Per1234";0;"inscrit";88;2011
"1333";4504;"117.254.116.232";1;"anonyme";5;2012
"1334";4505;"24.234.29.168";1;"anonyme";515;2012
"1335";4506;"59.183.47.35";1;"anonyme";1;2012
"1336";4508;"120.59.44.190";1;"anonyme";1;2012
"1337";4509;"113.203.198.232";1;"anonyme";1;2012
"1338";4510;"98.200.3.93";1;"anonyme";1;2012
"1339";4512;"MZMcBride";0;"admin";182958;2005
"1340";4513;"Whoop_whoop_pull_up";0;"inscrit";21833;2010
"1341";4517;"184.0.20.187";1;"anonyme";669;2012
"1342";4595;"Vivjain";0;"inscrit";11;2013
"1343";4597;"117.207.227.146";1;"anonyme";1;2013
"1344";4599;"Mrt3366";0;"inscrit";22207;2012
"1345";4608;"68.115.28.77";1;"anonyme";3;2012
"1346";4618;"Frencheye";0;"inscrit";12;2012
"1347";4623;"184.0.16.233";1;"anonyme";432;2013
"1348";4634;"120.56.237.179";1;"anonyme";2;2013
"1349";4660;"117.218.39.167";1;"anonyme";3;2013
"1350";4664;"117.197.73.240";1;"anonyme";2;2013
"1351";4666;"115.248.164.73";1;"anonyme";31;2011
"1352";4667;"202.59.231.33";1;"anonyme";172;2010
"1353";4669;"Shubhamashokgandhi";0;"inscrit";87;2012
"1354";4678;"119.82.126.146";1;"anonyme";13;2010
"1355";4680;"Trinidade";0;"inscrit";4213;2010
"1356";4682;"119.155.11.129";1;"anonyme";2;2010
"1357";4684;"138.37.45.75";1;"anonyme";4;2013
"1358";4688;"117.192.190.162";1;"anonyme";3;2011
"1359";4689;"Evano1van";0;"inscrit";11741;2013
"1360";4691;"184.0.17.48";1;"anonyme";1000;2013
"1361";4693;"223.233.89.244";1;"anonyme";1;2013
"1362";4697;"117.223.96.194";1;"anonyme";1;2013
"1363";4705;"PeerBaba";0;"inscrit";3732;2012
"1364";4706;"223.223.148.198";1;"anonyme";3;2013
"1365";4724;"75.36.41.49";1;"anonyme";7;2013
"1366";4726;"134.240.18.54";1;"anonyme";2;2013
"1367";4731;"130.49.17.149";1;"anonyme";1;2013
"1368";4733;"140.180.244.185";1;"anonyme";1;2013
"1369";4737;"Darkness_Shines";0;"inscrit";28868;2011
"1370";4739;"142.196.225.209";1;"anonyme";29;2013
"1371";4741;"207.225.232.131";1;"anonyme";786;2004
"1372";4743;"70.137.140.13";1;"anonyme";2;2013
"1373";4747;"131.191.57.0";1;"anonyme";32;2013
"1374";4751;"70.64.100.213";1;"anonyme";2;2014
"1375";4753;"103.21.127.77";1;"anonyme";138;2013
"1376";4754;"PVGS1985";0;"inscrit";1;2014
"1377";4759;"106.193.9.191";1;"anonyme";1;2014
"1378";4763;"1.22.128.13";1;"anonyme";1;2014
"1379";4765;"Redtigerxyz";0;"inscrit";58947;2006
"1380";4768;"182.68.88.61";1;"anonyme";1;2014
"1381";4769;"Adarsha.joisa";0;"inscrit";27;2007
"1382";4771;"115.114.50.215";1;"anonyme";8;2013
"1383";4772;"125.17.229.50";1;"anonyme";10;2013
"1384";4773;"139.216.216.50";1;"anonyme";1;2014
"1385";4774;"Excirial";0;"admin";209674;2007
"1386";4776;"122.169.86.209";1;"anonyme";1;2014
"1387";4778;"Kunalrks";0;"inscrit";254;2013
"1388";4783;"Msec109";0;"inscrit";329;2011
"1389";4784;"109.158.211.2";1;"anonyme";2;2015
"1390";4786;"Mild_Bill_Hiccup";0;"inscrit";148526;2007
"1391";4789;"128.12.252.4";1;"anonyme";273;2013
"1392";4791;"76.178.152.34";1;"anonyme";4;2015
"1393";4793;"Rsrikanth05";0;"inscrit";67642;2005
"1394";4795;"Sailfish2";0;"inscrit";49;2008
"1395";4797;"UsamaAliMughal";0;"inscrit";8;2015
"1396";4799;"Quantumavik";0;"inscrit";217;2010
"1397";4802;"Mittaltushant";0;"inscrit";24;2010
"1398";4876;"131.216.14.22";1;"anonyme";9;2015
"1399";4878;"184.1.30.125";1;"anonyme";29;2015
"1400";4882;"182.237.158.209";1;"anonyme";1;2015
"1401";4885;"182.66.42.134";1;"anonyme";1;2015
"1402";4889;"2620:0:1000:1A02:6181:B656:1BA0:26";1;"anonyme";2;2015
"1403";4891;"59.160.207.5";1;"anonyme";69;2007
"1404";4893;"122.175.28.235";1;"anonyme";3;2012
"1405";4895;"125.19.34.86";1;"anonyme";160;2012
"1406";4896;"Meenadinesh33";0;"inscrit";3;2014
"1407";4897;"Optakeover";0;"inscrit";18866;2006
"1408";4898;"120.57.58.190";1;"anonyme";6;2015
"1409";4901;"Harshhussey";0;"inscrit";4758;2012
"1410";4902;"Sohnythomas";0;"inscrit";21;2007
"1411";4904;"106.208.34.194";1;"anonyme";2;2015
"1412";4907;"122.161.97.210";1;"anonyme";2;2012
"1413";4909;"59.89.120.32";1;"anonyme";2;2015
"1414";4914;"112.79.36.140";1;"anonyme";28;2012
"1415";4917;"70.199.103.17";1;"anonyme";3;2015
"1416";4920;"78.149.116.7";1;"anonyme";2;2015
"1417";4924;"27.251.11.114";1;"anonyme";6;2015
"1418";4927;"Delhitingpranav";0;"inscrit";118;2011
"1419";4928;"Tachs";0;"inscrit";92333;2005
"1420";4931;"Wraithful";0;"inscrit";529;2007
"1421";4935;"Andy_Dingley";0;"inscrit";121902;2007
"1422";4938;"Jaywardhan009";0;"inscrit";22250;2015
"1423";4941;"Niceguyedc";0;"inscrit";342913;2007
"1424";4944;"AusLondonder";0;"inscrit";21721;2015
"1425";4948;"129.237.108.6";1;"anonyme";25;2015
"1426";4950;"A9452819015";0;"inscrit";71;2015
"1427";4952;"106.192.143.192";1;"anonyme";1;2016
"1428";4954;"Tom.Reding";0;"inscrit";467851;2009
"1429";4960;"2A02:C7D:1505:9500:7935:1669:6305:FD87";1;"anonyme";1;2016
"1430";4961;"128.8.120.3";1;"anonyme";43;2012
"1431";4968;"2A02:1810:507:1500:9C94:B60D:70D2:8568";1;"anonyme";1;2016
"1432";4969;"86.96.226.8";1;"anonyme";168;2013
"1433";4971;"112.211.212.212";1;"anonyme";1;2016
"1434";4973;"182.179.135.3";1;"anonyme";1;2016
"1435";4983;"14.200.190.36";1;"anonyme";4;2016
"1436";4987;"Filpro";0;"inscrit";9698;2015
"1437";5021;"71.41.210.146";1;"anonyme";8046;2006
"1438";5024;"John_Lunney";0;"inscrit";1395;2005
"1439";5030;"72.197.200.139";1;"anonyme";1;2017
"1440";5034;"42.111.175.10";1;"anonyme";2;2017
"1441";5038;"Adamgerber80";0;"inscrit";5112;2015
"1442";5043;"Ira_Leviton";0;"inscrit";23522;2015
"1443";5047;"Mullet";0;"inscrit";752;2004
"1444";5051;"Mistico";0;"inscrit";17333;2005
"1445";5052;"82.154.81.2";1;"anonyme";22;2010
"1446";5057;"NotWith";0;"inscrit";61905;2011
"1447";5059;"Bazonka";0;"inscrit";49383;2005
"1448";5063;"Jolomo";0;"inscrit";3754;2004
"1449";5064;"Deville";0;"admin";23929;2005
"1450";5065;"Can't_sleep,_clown_will_eat_me";0;"admin";101994;2005
"1451";5066;"Flowerparty";0;"admin";14828;2005
"1452";5067;"67.100.216.14";1;"anonyme";236;2005
"1453";5068;"Mutebutton";0;"inscrit";123;2006
"1454";5069;"Qrc2006";0;"inscrit";7759;2006
"1455";5071;"ColinFine";0;"inscrit";13437;2005
"1456";5074;"JayJasper";0;"inscrit";47626;2006
"1457";5076;"168.11.135.250";1;"anonyme";121;2006
"1458";5082;"MetsBot";0;"inscrit";230558;2006
"1459";5083;"SparsityProblem";0;"inscrit";1717;2006
"1460";5084;"Ceyockey";0;"admin";63564;2005
"1461";5086;"Rjd0060";0;"admin";33499;2007
"1462";5087;"Dhartung";0;"inscrit";24443;2004
"1463";5092;"RMHED";0;"inscrit";15716;2006
"1464";5097;"Michael_Hardy";0;"admin";192682;2002
"1465";5098;"David_Gerard";0;"admin";133569;2004
"1466";5100;"TravelinSista";0;"inscrit";415;2008
"1467";5103;"189.168.140.143";1;"anonyme";2;2008
"1468";5105;"ToddSweeney";0;"inscrit";564;2008
"1469";5107;"Rmkeller";0;"inscrit";224;2007
"1470";5111;"The_Banner_Turbo";0;"inscrit";3767;2011
"1471";5117;"Afasmit";0;"inscrit";57334;2005
"1472";5121;"Debresser";0;"inscrit";97234;2008
"1473";5128;"Srich32977";0;"inscrit";110019;2008
"1474";5135;"Steel1943";0;"inscrit";85857;2006
"1475";5138;"Lockley";0;"inscrit";111432;2005
"1476";5140;"Jochen_Burghardt";0;"inscrit";11870;2012
"1477";5150;"96.57.181.170";1;"anonyme";1689;2011
"1478";5151;"50.53.1.33";1;"anonyme";2719;2016
"1479";5155;"Spntx";0;"inscrit";4;2007
"1480";5156;"The_wub";0;"admin";77348;2005
"1481";5157;"70.125.132.120";1;"anonyme";21;2007
"1482";5159;"Josue210";0;"inscrit";14;2008
"1483";5174;"Zereshk";0;"inscrit";22595;2004
"1484";5181;"07ShadowV";0;"inscrit";241;2007
"1485";5182;"????";0;"inscrit";NA;NA
"1486";5189;"209.184.113.206";1;"anonyme";4;2008
"1487";5193;"12.187.195.98";1;"anonyme";2;2008
"1488";5197;"68.206.254.22";1;"anonyme";6;2008
"1489";5200;"70.129.22.51";1;"anonyme";6;2008
"1490";5203;"OKBot";0;"bot";103883;2007
"1491";5207;"72.181.124.224";1;"anonyme";1;2009
"1492";5208;"129.115.143.233";1;"anonyme";1;2009
"1493";5212;"Rascal258";0;"inscrit";30;2007
"1494";5217;"68.206.253.227";1;"anonyme";1;2009
"1495";5222;"66.90.182.85";1;"anonyme";10;2010
"1496";5224;"TexasAndroid";0;"admin";109350;2005
"1497";5227;"68.206.252.111";1;"anonyme";2;2010
"1498";5230;"24.18.244.149";1;"anonyme";8;2009
"1499";5231;"JimWae";0;"inscrit";37668;2004
"1500";5232;"69.234.62.155";1;"anonyme";2;2010
"1501";5235;"Aymatth2";0;"inscrit";80583;2007
"1502";5236;"69.153.4.194";1;"anonyme";2;2010
"1503";5240;"Peace01234";0;"inscrit";928;2006
"1504";5244;"67.11.201.21";1;"anonyme";2;2010
"1505";5252;"71.244.183.159";1;"anonyme";1;2011
"1506";5254;"Ryanmlozano";0;"inscrit";3;2011
"1507";5255;"Edward321";0;"inscrit";33761;2006
"1508";5257;"24.243.15.94";1;"anonyme";1;2011
"1509";5259;"Billy_Hathorn";0;"inscrit";160468;2006
"1510";5260;"Nightryder84";0;"inscrit";1081;2005
"1511";5262;"Nicjones2";0;"inscrit";42;2007
"1512";5264;"Michaelenandry";0;"inscrit";2430;2010
"1513";5267;"76.92.191.16";1;"anonyme";12;2012
"1514";5270;"2602:306:3344:AC20:84E0:C35B:EA7B:9F26";1;"anonyme";1;2012
"1515";5271;"2602:306:3344:AC20:BCE1:D5C5:903C:D73F";1;"anonyme";3;2012
"1516";5274;"2602:306:3344:AC20:4A9:8E1C:7562:AE28";1;"anonyme";1;2012
"1517";5275;"67.11.48.240";1;"anonyme";8;2012
"1518";5282;"2602:306:3344:AC20:592F:44F7:30AE:4E63";1;"anonyme";11;2013
"1519";5288;"2602:306:3344:AC20:919E:4B9B:C2AA:CA67";1;"anonyme";1;2013
"1520";5289;"2602:306:3344:AC20:3500:AEA8:783B:B645";1;"anonyme";1;2013
"1521";5290;"70.252.178.2";1;"anonyme";137;2007
"1522";5292;"Flyer22_Reborn";0;"inscrit";262292;2007
"1523";5294;"209.184.113.59";1;"anonyme";1;2013
"1524";5296;"Widr";0;"admin";249307;2011
"1525";5301;"100.0.10.156";1;"anonyme";6;2014
"1526";5302;"Quant18";0;"inscrit";9416;2012
"1527";5313;"Mwelch88";0;"inscrit";1;2014
"1528";5314;"2602:306:C41F:4290:21C:B3FF:FEC3:A8F3";1;"anonyme";1;2014
"1529";5319;"209.184.113.61";1;"anonyme";1;2016
"1530";5322;"2604:2000:DD08:6C00:9D89:F59F:7EA0:C8EB";1;"anonyme";1;2016
"1531";5324;"JJMC89";0;"inscrit";73619;2015
"1532";5331;"BigrTex";0;"admin";39019;2006
"1533";5334;"Dewritech";0;"inscrit";98562;2010
"1534";5337;"Parsley_Man";0;"inscrit";17847;2015
"1535";5342;"209.184.113.122";1;"anonyme";5;2007
"1536";5350;"72.190.229.158";1;"anonyme";6;2016
"1537";5357;"Psi?edelisto";0;"inscrit";NA;NA
"1538";5358;"EdwardUK";0;"inscrit";7773;2016
"1539";5359;"Kaelin_Alvein";0;"inscrit";14;2011
"1540";5360;"209.253.58.38";1;"anonyme";16;2015
"1541";5370;"Peruilken";0;"inscrit";16;2006
"1542";5372;"Dbm11085";0;"inscrit";1823;2006
"1543";5376;"JabbaTheBot";0;"inscrit";1623;2007
"1544";5379;"ObiterDicta";0;"inscrit";4874;2006
"1545";5381;"Mr._Vernon";0;"inscrit";17290;2006
"1546";5384;"Dougatwiki";0;"inscrit";1693;2007
"1547";5386;"Anarcham";0;"inscrit";1080;2013
"1548";5393;"MoohanBOT";0;"bot";60278;2013
"1549";5401;"Mormonchess";0;"inscrit";28;2005
"1550";5406;"Bluebot";0;"inscrit";349597;2005
"1551";5407;"CJLL_Wright";0;"admin";43238;2005
"1552";5410;"Mmcannis";0;"inscrit";20873;2005
"1553";5411;"Markh";0;"inscrit";8079;2005
"1554";5413;"Paradoxymoron";0;"inscrit";5;2007
"1555";5414;"JAnDbot";0;"bot";159117;2006
"1556";5415;"Andi_d";0;"inscrit";896;2006
"1557";5418;"Theelf29";0;"inscrit";5516;2005
"1558";5419;"212.179.74.234";1;"anonyme";291;2005
"1559";5421;"Tabletop";0;"inscrit";177627;2005
"1560";5426;"Chasuble";0;"inscrit";419;2009
"1561";5431;"ChuispastonBot";0;"inscrit";100206;2010
"1562";5432;"A._Parrot";0;"inscrit";19766;2006
"1563";5439;"41.69.65.34";1;"anonyme";1;2012
"1564";5445;"Nphar";0;"inscrit";52;2012
"1565";5446;"Ankur.sinha";0;"inscrit";50;NA
"1566";5448;"Ian.thomson";0;"admin";46454;2006
"1567";5450;"McGeddon";0;"inscrit";121439;2005
"1568";5451;"184.184.116.216";1;"anonyme";71;2012
"1569";5453;"Gediminas33";0;"inscrit";108;2010
"1570";5462;"Jimeb26";0;"inscrit";74;2014
"1571";5468;"Davidrgoon";0;"inscrit";17;2006
"1572";5470;"Rachel_Helps_(BYU)";0;"inscrit";3201;2006
"1573";5472;"130.95.187.225";1;"anonyme";559;2011
"1574";5474;"Soupforone";0;"inscrit";30155;2008
"1575";5479;"Wlteng97";0;"inscrit";9;2017
"1576";5490;"Magic_links_bot";0;"bot";246615;2017
"1577";5492;"LacrimosaDiesIlla";0;"inscrit";2111;2017
"1578";5494;"FreddyJR";0;"inscrit";2580;2007
"1579";5495;"203.177.57.170";1;"anonyme";769;2008
"1580";5499;"TenPoundHammer";0;"inscrit";228538;2005
"1581";5504;"70.77.117.183";1;"anonyme";1;2011
"1582";5507;"Zigzig20s";0;"inscrit";136123;2006
"1583";5508;"GrahamHardy";0;"inscrit";289928;2006
"1584";5510;"BigzMMA";0;"inscrit";1660;2011
"1585";5511;"Stefan2";0;"inscrit";207999;2006
"1586";5514;"TreyGeek";0;"inscrit";15458;2008
"1587";5525;"122.161.230.169";1;"anonyme";2;2012
"1588";5527;"Benzband";0;"inscrit";16866;2011
"1589";5530;"119.154.78.137";1;"anonyme";2;2011
"1590";5532;"189.122.20.16";1;"anonyme";11;2012
"1591";5533;"98.217.85.144";1;"anonyme";5;2012
"1592";5534;"Behemoth";0;"inscrit";11205;2005
"1593";5540;"HRoestBot";0;"inscrit";53714;2009
"1594";5545;"27.4.145.23";1;"anonyme";1;2012
"1595";5547;"JadeSnake";0;"inscrit";651;2011
"1596";5548;"Hasteur";0;"inscrit";29900;2007
"1597";5549;"Glock17gen4";0;"inscrit";3094;2011
"1598";5551;"MMADon101";0;"inscrit";15;2012
"1599";5558;"49.204.168.253";1;"anonyme";1;2012
"1600";5560;"86.135.85.88";1;"anonyme";39;2012
"1601";5564;"86.146.4.65";1;"anonyme";3;2012
"1602";5566;"Rath_prashant";0;"inscrit";251;2006
"1603";5569;"81.151.173.57";1;"anonyme";17;2012
"1604";5572;"117.203.140.9";1;"anonyme";4;2012
"1605";5573;"Pound4Pound";0;"inscrit";1421;2012
"1606";5582;"Tshloab";0;"inscrit";64;2011
"1607";5595;"Magog1";0;"inscrit";14;2010
"1608";5596;"Phillysportphan";0;"inscrit";10;2012
"1609";5597;"Moe_Epsilon";0;"inscrit";116433;2005
"1610";5599;"Thane";0;"inscrit";8753;2005
"1611";5600;"142.167.190.239";1;"anonyme";2;2012
"1612";5608;"98.244.33.83";1;"anonyme";423;2012
"1613";5609;"Hu12";0;"admin";91877;2006
"1614";5615;"Ak2431989";0;"inscrit";5394;2009
"1615";5616;"120.60.2.91";1;"anonyme";1;2013
"1616";5622;"86.153.235.172";1;"anonyme";11;2013
"1617";5626;"74.198.9.73";1;"anonyme";5;2011
"1618";5628;"209.112.51.132";1;"anonyme";42;2008
"1619";5633;"Dafafafa2323";0;"inscrit";16;2010
"1620";5635;"IronKnuckle";0;"inscrit";750;2013
"1621";5639;"177.96.82.181";1;"anonyme";4;2013
"1622";5643;"109.154.179.226";1;"anonyme";5;2011
"1623";5644;"Darkshadowson";0;"inscrit";95;2011
"1624";5645;"LittleWink";0;"inscrit";80802;2009
"1625";5647;"174.113.197.126";1;"anonyme";1;2013
"1626";5650;"AjBlaze";0;"inscrit";2;2013
"1627";5652;"109.154.179.175";1;"anonyme";4;2013
"1628";5657;"122.162.48.119";1;"anonyme";1;2013
"1629";5659;"CarlG313";0;"inscrit";73;2013
"1630";5661;"101.118.26.171";1;"anonyme";3;2013
"1631";5663;"201.22.11.84";1;"anonyme";5;2013
"1632";5665;"81.156.116.214";1;"anonyme";3;2013
"1633";5666;"166.147.88.47";1;"anonyme";36;2013
"1634";5669;"173.29.215.127";1;"anonyme";53;2012
"1635";5672;"112.213.173.243";1;"anonyme";71;2013
"1636";5673;"86.156.188.108";1;"anonyme";12;2013
"1637";5674;"Khazar2";0;"inscrit";191299;2012
"1638";5676;"217.42.68.116";1;"anonyme";11;2013
"1639";5677;"203.161.132.66";1;"anonyme";117;2011
"1640";5679;"86.186.120.144";1;"anonyme";30;2013
"1641";5681;"217.42.68.3";1;"anonyme";37;2010
"1642";5682;"201.47.21.40";1;"anonyme";3;2013
"1643";5686;"109.154.176.127";1;"anonyme";7;2013
"1644";5687;"120.60.83.192";1;"anonyme";2;2013
"1645";5690;"120.60.40.145";1;"anonyme";2;2013
"1646";5696;"24.222.209.210";1;"anonyme";2908;2012
"1647";5700;"49.204.129.154";1;"anonyme";3;2014
"1648";5703;"Wethestar";0;"inscrit";2;2014
"1649";5716;"189.58.132.100";1;"anonyme";2;2014
"1650";5719;"122.179.165.114";1;"anonyme";4;2012
"1651";5721;"206.75.170.207";1;"anonyme";2;2014
"1652";5722;"101.63.64.177";1;"anonyme";1;2014
"1653";5725;"82.47.52.111";1;"anonyme";521;2014
"1654";5726;"TheRedPenOfDoom";0;"inscrit";135756;2007
"1655";5730;"24.224.189.194";1;"anonyme";766;2015
"1656";5732;"77.102.106.5";1;"anonyme";4660;2015
"1657";5733;"86.155.127.10";1;"anonyme";4;2007
"1658";5734;"GaleFamily20";0;"inscrit";96;2013
"1659";5738;"24.224.191.152";1;"anonyme";1585;2015
"1660";5741;"101.63.143.219";1;"anonyme";1;2015
"1661";5746;"183.83.103.80";1;"anonyme";3;2015
"1662";5764;"Kartiktiwary";0;"inscrit";935;2015
"1663";5768;"Chaosdruid";0;"inscrit";24409;2007
"1664";5793;"Sheikh_Afridi";0;"inscrit";15;2015
"1665";5794;"SJ_Defender";0;"inscrit";14447;2013
"1666";5795;"142.176.21.18";1;"anonyme";1951;2013
"1667";5798;"Shubhromaitty";0;"inscrit";10;2016
"1668";5815;"Arjayay";0;"inscrit";137510;2007
"1669";5826;"Cnwilliams";0;"inscrit";67786;2009
"1670";5852;"Petronav73939133";0;"inscrit";3;2016
"1671";5855;"Chints247";0;"inscrit";271;2014
"1672";5859;"Jayabadhrinath";0;"inscrit";31;2016
"1673";5861;"PRehse";0;"inscrit";114834;2005
"1674";5864;"Bellerophon5685";0;"inscrit";75130;2006
"1675";5866;"Mdtemp";0;"inscrit";3018;2011
"1676";5871;"Mohammad_Ali_Kushtiwala";0;"inscrit";8;2016
"1677";5872;"Nihiltres";0;"admin";61704;2005
"1678";5875;"114.143.129.26";1;"anonyme";6;2016
"1679";5883;"AntonioMartin";0;"admin";27681;2002
"1680";5884;"178.167.254.228";1;"anonyme";20;2015
"1681";5897;"111.125.219.86";1;"anonyme";6;2016
"1682";5916;"Sindhusingh";0;"inscrit";10;2016
"1683";5919;"Bdayal";0;"inscrit";2;2016
"1684";5936;"KH-1";0;"inscrit";30072;2014
"1685";5979;"83.110.111.230";1;"anonyme";1;2016
"1686";5994;"Sawanjane";0;"inscrit";24;2016
"1687";6005;"121.222.153.214";1;"anonyme";2;2011
"1688";6012;"183.82.181.171";1;"anonyme";1;2016
"1689";6018;"219.91.199.33";1;"anonyme";2;2016
"1690";6020;"MSLGROUP";0;"inscrit";8;2016
"1691";6026;"Atlantic306";0;"inscrit";44569;2015
"1692";6039;"Materialscientist";0;"admin";984533;2008
"1693";6050;"Parth22feet";0;"inscrit";1;2016
"1694";6057;"86.173.190.156";1;"anonyme";52;2016
"1695";6060;"Equilibrium103";0;"inscrit";96;2014
"1696";6063;"110.227.174.209";1;"anonyme";1;2017
"1697";6065;"GaleCarl";0;"inscrit";47;2016
"1698";6066;"86.181.193.70";1;"anonyme";26;2017
"1699";6069;"213.205.198.93";1;"anonyme";16;2015
"1700";6076;"86.129.23.20";1;"anonyme";3;2017
"1701";6083;"Rajesh.Pramanick09";0;"inscrit";243;2016
"1702";6086;"86.30.153.181";1;"anonyme";2;2016
"1703";6088;"1717";0;"inscrit";2089;2005
"1704";6089;"David_Edgar";0;"inscrit";15594;2003
"1705";6091;"Kirkbroadhurst";0;"inscrit";49;2005
"1706";6093;"Sjorford";0;"admin";26685;2003
"1707";6095;"Slicing";0;"inscrit";4719;2005
"1708";6097;"Agapetos_angel";0;"inscrit";2142;2005
"1709";6100;"NawlinWiki";0;"admin";219883;2005
"1710";6102;"PDH";0;"admin";52166;2004
"1711";6103;"210.8.110.36";1;"anonyme";418;2005
"1712";6104;"Wikibofh";0;"admin";10409;2005
"1713";6105;"218.215.3.58";1;"anonyme";19;2006
"1714";6109;"144.138.223.231";1;"anonyme";1;2006
"1715";6111;"Darius_Dhlomo";0;"inscrit";162679;2005
"1716";6112;"Fuzzy510";0;"inscrit";38864;2006
"1717";6115;"144.137.65.99";1;"anonyme";1;2006
"1718";6118;"D13399";0;"inscrit";135;2006
"1719";6119;"60.228.244.13";1;"anonyme";3;2007
"1720";6121;"139.168.75.195";1;"anonyme";2;2007
"1721";6122;"Angela26";0;"inscrit";1278;2005
"1722";6124;"DancingMan";0;"inscrit";1722;2006
"1723";6127;"Musicked";0;"inscrit";7;2006
"1724";6133;"150.101.168.113";1;"anonyme";1;2007
"1725";6136;"Watchingthevitalsigns";0;"inscrit";670;2007
"1726";6148;"Meredyth";0;"inscrit";8131;2006
"1727";6150;"JackofOz";0;"inscrit";167697;2003
"1728";6153;"123.243.44.87";1;"anonyme";26;2007
"1729";6154;"Anotheruserhere";0;"inscrit";1189;2007
"1730";6158;"Madcoverboy";0;"inscrit";12400;2005
"1731";6159;"Ceci2176";0;"inscrit";4;2008
"1732";6161;"58.168.110.37";1;"anonyme";1;2008
"1733";6167;"70.95.135.217";1;"anonyme";1;2008
"1734";6168;"WikiEditGrammarGeek";0;"inscrit";6;2008
"1735";6169;"121.217.110.35";1;"anonyme";1;2008
"1736";6172;"200.184.118.132";1;"anonyme";8;2006
"1737";6175;"Werona";0;"inscrit";5;2008
"1738";6178;"Katharineamy";0;"inscrit";134042;2006
"1739";6181;"220.237.107.81";1;"anonyme";2;2008
"1740";6184;"125.7.52.129";1;"anonyme";100;2008
"1741";6196;"220.244.79.136";1;"anonyme";1;2008
"1742";6200;"125.63.184.94";1;"anonyme";3;2007
"1743";6202;"SHIMONSHA";0;"inscrit";330;2004
"1744";6211;"74.75.81.16";1;"anonyme";5;2008
"1745";6218;"Richard_Arthur_Norton_(1958-_)";0;"inscrit";186144;2004
"1746";6220;"Canley";0;"admin";53968;2005
"1747";6230;"60.242.177.242";1;"anonyme";9;2010
"1748";6256;"58.110.122.45";1;"anonyme";4;2010
"1749";6354;"125.7.71.6";1;"anonyme";558;2008
"1750";6372;"Seb_az86556";0;"inscrit";40214;2007
"1751";6389;"58.111.228.224";1;"anonyme";3;2010
"1752";6393;"Ethel_the_aardvark";0;"inscrit";402;2007
"1753";6394;"58.110.98.246";1;"anonyme";2;2007
"1754";6396;"MaeveMarsden";0;"inscrit";39;2010
"1755";6399;"WOSlinker";0;"admin";443536;2006
"1756";6403;"58.110.104.204";1;"anonyme";4;2011
"1757";6404;"203.17.189.150";1;"anonyme";167;2009
"1758";6405;"GL";0;"inscrit";902;2004
"1759";6407;"58.110.97.132";1;"anonyme";4;2010
"1760";6408;"98.255.196.104";1;"anonyme";1292;2011
"1761";6412;"203.25.195.230";1;"anonyme";228;2007
"1762";6424;"John_Vandenberg";0;"admin";68317;2004
"1763";6425;"76.20.24.95";1;"anonyme";300;2011
"1764";6427;"124.179.115.175";1;"anonyme";1;2012
"1765";6432;"HiLo48";0;"inscrit";42846;2006
"1766";6437;"122.106.105.10";1;"anonyme";1;2012
"1767";6439;"120.151.14.190";1;"anonyme";14;2011
"1768";6440;"JuneGloom07";0;"inscrit";63887;2007
"1769";6441;"Trident13";0;"inscrit";103559;2006
"1770";6446;"132.234.251.230";1;"anonyme";337;2012
"1771";6448;"108.208.120.198";1;"anonyme";1;2013
"1772";6453;"Pidzz";0;"inscrit";6904;2012
"1773";6455;"142.255.198.134";1;"anonyme";2;2014
"1774";6456;"83.251.164.252";1;"anonyme";1;2014
"1775";6458;"ArmbrustBot";0;"bot";101309;2013
"1776";6464;"KarleeElissa";0;"inscrit";2;2009
"1777";6465;"60.224.36.30";1;"anonyme";81;2015
"1778";6472;"FerventFangirl";0;"inscrit";34;2015
"1779";6481;"Vycl1994";0;"inscrit";38574;2013
"1780";6486;"58.110.112.251";1;"anonyme";2;2016
"1781";6487;"49.199.170.199";1;"anonyme";1;2016
"1782";6492;"211.30.17.74";1;"anonyme";1124;2013
"1783";6503;"Melbrown077";0;"inscrit";1;2017
"1784";6505;"122.108.141.214";1;"anonyme";1930;2016
"1785";6512;"120.145.15.138";1;"anonyme";1;2017
"1786";6522;"Taketa";0;"inscrit";11309;2008
"1787";6523;"Junichi";0;"inscrit";25045;2007
"1788";6524;"122.26.41.115";1;"anonyme";1;2008
"1789";6525;"58.91.85.126";1;"anonyme";4;2008
"1790";6526;"123.218.150.34";1;"anonyme";3;2008
"1791";6528;"123.225.140.101";1;"anonyme";4;2008
"1792";6530;"114.146.96.54";1;"anonyme";2;2008
"1793";6533;"221.191.87.203";1;"anonyme";4;2008
"1794";6541;"123.225.94.162";1;"anonyme";6;2009
"1795";6542;"114.146.126.129";1;"anonyme";1;2009
"1796";6544;"114.146.123.155";1;"anonyme";16;2009
"1797";6552;"114.146.118.43";1;"anonyme";12;2009
"1798";6556;"123.225.178.3";1;"anonyme";1;2009
"1799";6562;"125.175.95.80";1;"anonyme";5;2009
"1800";6565;"122.25.215.200";1;"anonyme";6;2009
"1801";6569;"124.86.80.145";1;"anonyme";2;2009
"1802";6571;"114.167.139.104";1;"anonyme";2;2009
"1803";6587;"Kolins";0;"inscrit";10073;2005
"1804";6590;"TSUBAME98";0;"inscrit";9892;2007
"1805";6591;"KarlsenBot";0;"inscrit";26553;2010
"1806";6593;"Buleno04";0;"inscrit";1738;2010
"1807";6604;"Nameless_User";0;"inscrit";24992;2008
"1808";6616;"190.253.176.177";1;"anonyme";5;2011
"1809";6618;"190.253.178.139";1;"anonyme";3;2011
"1810";6620;"190.253.184.128";1;"anonyme";2;2011
"1811";6623;"186.113.80.170";1;"anonyme";5;2011
"1812";6625;"MystBot";0;"inscrit";177678;2008
"1813";6626;"Wizardman";0;"admin";252180;2006
"1814";6629;"Courcelles";0;"admin";395714;2006
"1815";6630;"121.82.186.234";1;"anonyme";344;2012
"1816";6636;"182.166.152.138";1;"anonyme";1335;2012
"1817";6644;"Mikemor92";0;"inscrit";69148;2008
"1818";6652;"Whispered11";0;"inscrit";5031;2011
"1819";6658;"Imozuruboy";0;"inscrit";348;2015
"1820";6661;"The_Sprint_Of_Our_Life";0;"inscrit";1456;2012
"1821";6668;"Gonta-Kun";0;"inscrit";12946;2011
"1822";6683;"Chubbles";0;"inscrit";49477;2006
"1823";6684;"96.225.143.145";1;"anonyme";6;2008
"1824";6685;"J_Milburn_Bot";0;"bot";36626;2008
"1825";6687;"96.225.148.50";1;"anonyme";4;2008
"1826";6695;"209.244.16.215";1;"anonyme";40;2006
"1827";6696;"76.218.70.60";1;"anonyme";3;2010
"1828";6698;"CactusBot";0;"bot";81124;2010
"1829";6700;"69.232.34.140";1;"anonyme";2;2011
"1830";6701;"AllyD";0;"inscrit";45633;2005
"1831";6702;"71.176.43.244";1;"anonyme";1;2013
"1832";6703;"MR._MOTOWN";0;"inscrit";1127;2006
"1833";6704;"Enscripted";0;"inscrit";300;2009
"1834";6707;"CelebGroup";0;"inscrit";1;2014
"1835";6708;"DissidentAggressor";0;"inscrit";11010;2014
"1836";6709;"163.192.13.1";1;"anonyme";208;2011
"1837";6714;"Bassplaya1966";0;"inscrit";1;2014
"1838";6719;"StoryEyes";0;"inscrit";142;2010
"1839";6728;"Odikuas";0;"inscrit";686;2006
"1840";6729;"Orangemike";0;"admin";101028;2004
"1841";6737;"86.7.157.64";1;"anonyme";1292;2006
"1842";6739;"Deb";0;"admin";131559;2002
"1843";6744;"85.73.253.93";1;"anonyme";4;2008
"1844";6746;"YUL89YYZ";0;"inscrit";88849;2004
"1845";6751;"LOL";0;"inscrit";40844;NA
"1846";6755;"Cplakidas";0;"inscrit";150264;2005
"1847";6767;"Jeremy_Bolwell";0;"inscrit";17549;2007
"1848";6769;"Danger";0;"admin";33173;2006
"1849";6774;"Thorkelsd";0;"inscrit";NA;NA
"1850";6775;"Miropolitan";0;"inscrit";114;2009
"1851";6776;"Hebrides";0;"inscrit";83652;2006
"1852";6778;"Cowdy001";0;"inscrit";28188;2011
"1853";6782;"59.167.93.59";1;"anonyme";11;2007
"1854";6784;"-glove-";0;"inscrit";2282;2016
"1855";6787;"Ramtears";0;"inscrit";3319;2008
"1856";6790;"85.178.248.236";1;"anonyme";2;2008
"1857";6791;"Ourima";0;"inscrit";76;2006
"1858";6797;"Plastikspork";0;"admin";174135;2007
"1859";6799;"LLTimes";0;"inscrit";5537;2008
"1860";6806;"Hzh";0;"inscrit";67882;2007
"1861";6818;"Colipon";0;"inscrit";24162;2003
"1862";6821;"Good_Olfactory";0;"admin";641984;2008
"1863";6884;"MrHallofEngland";0;"inscrit";NA;NA
"1864";6886;"PigFluOink";0;"inscrit";NA;NA
"1865";6898;"RichFarmbrough";0;"inscrit";NA;NA
"1866";6905;"BokicaK";0;"inscrit";26069;2006
"1867";6906;"Flix11";0;"inscrit";5899;2011
"1868";6907;"Clyde1998";0;"inscrit";1574;2006
"1869";6912;"PhyoWP";0;"inscrit";NA;NA
"1870";6937;"FelixFolioSecundus";0;"inscrit";NA;NA
"1871";6940;"SarahTallinn";0;"inscrit";NA;NA
"1872";6961;"MuffinWizard";0;"inscrit";NA;NA
"1873";6997;"130.18.249.117";1;"anonyme";34;2015
"1874";7043;"BURoBOT";0;"inscrit";NA;NA
"1875";7055;"TimoHonkasalo";0;"inscrit";NA;NA
"1876";7061;"24.42.48.219";1;"anonyme";1;2006
"1877";7062;"163.29.186.250";1;"anonyme";81;2006
"1878";7063;"61.21.228.51";1;"anonyme";7;2006
"1879";7064;"Liquid-aim-bot";0;"inscrit";1865;2006
"1880";7065;"Beh-nam";0;"inscrit";8290;2006
"1881";7071;"72.83.1.102";1;"anonyme";22;2007
"1882";7074;"Ctesiphon7";0;"inscrit";257;2006
"1883";7075;"Archenzo";0;"inscrit";272;2004
"1884";7076;"83.254.131.144";1;"anonyme";3;2008
"1885";7079;"FlaBot";0;"inscrit";222981;2005
"1886";7080;"Ghirlandajo";0;"inscrit";85575;2004
"1887";7081;"J04n";0;"admin";95923;2008
"1888";7084;"MastiBot";0;"inscrit";62165;2009
"1889";7085;"SilvonenBot";0;"inscrit";41981;2008
"1890";7086;"Jaraalbe";0;"inscrit";105816;2005
"1891";7087;"Cabolitae";0;"inscrit";3598;2006
"1892";7088;"Dimadick";0;"inscrit";354348;2003
"1893";7089;"Arahana~enwiki";0;"inscrit";24;2010
"1894";7090;"DixonDBot";0;"bot";13058;2009
"1895";7093;"93.221.184.179";1;"anonyme";10;2011
"1896";7095;"Ahmed-Najib-Biabani-Ibrahimkhel";0;"inscrit";44;2010
"1897";7096;"Chyah";0;"inscrit";1443;2010
"1898";7097;"Mazdakabedi";0;"inscrit";1262;2007
"1899";7101;"Chzz";0;"inscrit";115888;2008
"1900";7103;"70.26.180.127";1;"anonyme";2;2011
"1901";7105;"Writer1390";0;"inscrit";31;2011
"1902";7108;"182.185.85.236";1;"anonyme";2;2011
"1903";7109;"Khazar";0;"inscrit";29078;2006
"1904";7111;"Editor1390";0;"inscrit";122;2012
"1905";7114;"88.109.9.143";1;"anonyme";3;2012
"1906";7117;"Farshadrbn";0;"inscrit";173;2003
"1907";7118;"HelpfulPixieBot";0;"inscrit";NA;NA
"1908";7120;"TjBot";0;"inscrit";29118;2009
"1909";7121;"ClassAvesta";0;"inscrit";NA;NA
"1910";7123;"Lutfullah";0;"inscrit";504;2006
"1911";7127;"Dont101";0;"inscrit";331;2009
"1912";7131;"213.80.99.118";1;"anonyme";47;2012
"1913";7132;"AK456";0;"inscrit";4945;2012
"1914";7134;"165.155.200.109";1;"anonyme";62;2013
"1915";7135;"79.46.129.66";1;"anonyme";1;2014
"1916";7136;"Lysozym";0;"inscrit";1930;2011
"1917";7137;"81.213.43.175";1;"anonyme";13;2015
"1918";7139;"Wikimandia";0;"inscrit";43942;2006
"1919";7140;"66.75.37.152";1;"anonyme";10;2016
"1920";7141;"39.36.32.161";1;"anonyme";3;2017
"1921";7142;"Magiclinksbot";0;"inscrit";NA;NA
"1922";7148;"OdMishehuAWB";0;"inscrit";NA;NA
"1923";7165;"Dr.Blofeld";0;"inscrit";NA;NA
"1924";7170;"TontonBernardo";0;"inscrit";NA;NA
"1925";7204;"GreenCbot";0;"inscrit";NA;NA
"1926";7207;"TheAnomebot2";0;"inscrit";NA;NA
"1927";7214;"RicardoCarneiroPires";0;"inscrit";NA;NA
"1928";7236;"Vanisheduser5zariu3jisj0j4irj";0;"inscrit";NA;NA
"1929";7237;"SomebodyintheWWW";0;"inscrit";NA;NA
"1930";7245;"StevenWalling";0;"inscrit";NA;NA
"1931";7262;"Chesipiero";0;"inscrit";29364;2010
"1932";7360;"BillyLiakopoulos";0;"inscrit";NA;NA
"1933";7365;"KlemenKocjancic";0;"inscrit";NA;NA
"1934";7373;"WilhelminaWill";0;"inscrit";NA;NA
"1935";7423;"ShawninMontreal";0;"inscrit";NA;NA
"1936";7437;"Mintzl";0;"inscrit";NA;NA
"1937";7521;"B.BhargavaTeja";0;"inscrit";NA;NA
"1938";7546;"Orderinchaos2";0;"inscrit";NA;NA
"1939";7607;"WorldCup2010";0;"inscrit";NA;NA
"1940";7608;"ModernSciences";0;"inscrit";NA;NA
"1941";7609;"Underlyinglk";0;"inscrit";NA;NA
"1942";7623;"PostcardCathy";0;"inscrit";NA;NA
"1943";7634;"Greece2005";0;"inscrit";NA;NA
"1944";7645;"ButtonstoPushButtons";0;"inscrit";NA;NA
"1945";7673;"121.98.220.186";1;"anonyme";7;2010
"1946";7676;"KevinJChase";0;"inscrit";NA;NA
"1947";7684;"SerAmantiodiNicolao";0;"inscrit";NA;NA
"1948";7688;"68.1.109.175";1;"anonyme";23;2006
"1949";7691;"CocuBot";0;"inscrit";11625;2010
"1950";7697;"Hut8.5";0;"inscrit";0;2006
"1951";7715;"WilliamAllenSimpson";0;"inscrit";1;2005
"1952";7716;"JunNijo";0;"inscrit";NA;NA
"1953";7720;"DruofId";0;"inscrit";NA;NA
"1954";7724;"Dami";0;"inscrit";NA;NA
"1955";7726;"KingoftheNorthEast";0;"inscrit";NA;NA
"1956";7730;"BineMai";0;"inscrit";NA;NA
"1957";7747;"JosephA.Spadaro";0;"inscrit";NA;NA
"1958";7772;"LordCornwallis";0;"inscrit";NA;NA
"1959";7774;"Mr.MagooandMcBarker";0;"inscrit";NA;NA
"1960";7856;"SethIlys";0;"inscrit";1;2004
"1961";7870;"SH111";0;"inscrit";NA;NA
"1962";7894;"DavidEppstein";0;"inscrit";NA;NA
"1963";7895;"MaxSem";0;"admin";15502;2005
"1964";7896;"74.122.79.254";1;"anonyme";6;2007
"1965";7897;"Edward";0;"admin";89459;2004
"1966";7898;"Mwtoews";0;"inscrit";22543;2005
"1967";7903;"Hongooi";0;"inscrit";6974;2005
"1968";7905;"132.227.66.37";1;"anonyme";2;2008
"1969";7907;"Gesslein";0;"inscrit";2870;2005
"1970";7908;"SF007";0;"inscrit";15077;2007
"1971";7909;"122.106.173.173";1;"anonyme";164;2009
"1972";7912;"Masgatotkaca";0;"inscrit";476;2007
"1973";7914;"ReadyHeavyRain";0;"inscrit";136;2009
"1974";7915;"Throwawayhack";0;"inscrit";287;2005
"1975";7916;"122.54.153.185";1;"anonyme";3;2010
"1976";7919;"174.53.163.119";1;"anonyme";3856;2011
"1977";7930;"2kyou";0;"inscrit";19;2007
"1978";7933;"JosephSolisinAustralia";0;"inscrit";NA;NA
"1979";7940;"MrsKrishan";0;"inscrit";1912;2007
"1980";7949;"MikeRosoft";0;"inscrit";0;2006
"1981";7953;"AnotherBeliever";0;"inscrit";NA;NA
"1982";7955;"DerekRBullamore";0;"inscrit";NA;NA
"1983";7968;"Barryob";0;"inscrit";10252;2005
"1984";7981;"page";0;"page";NA;NA
"1985";7984;"AbhijeetSafai";0;"inscrit";NA;NA
"1986";8152;"Vivekpatilmumbai";0;"inscrit";NA;NA
"1987";8211;"SamuelWiki";0;"inscrit";NA;NA
"1988";8248;"Andrewcox1";0;"inscrit";51;2006
"1989";8252;"FritzSaalfeld";0;"inscrit";NA;NA
"1990";8261;"87.9.202.245";1;"anonyme";1;2007
"1991";8263;"87.2.42.162";1;"anonyme";1;2007
"1992";8264;"88.196.20.46";1;"anonyme";1;2007
"1993";8265;"83.189.56.246";1;"anonyme";2;2007
"1994";8273;"Nacholokura";0;"inscrit";NA;NA
"1995";8295;"Ingumsky";0;"inscrit";307;2007
"1996";8315;"76.65.44.61";1;"anonyme";7;2008
"1997";8336;"190.44.148.106";1;"anonyme";2;2009
"1998";8337;"86.153.222.5";1;"anonyme";7;2009
"1999";8338;"Mistersparky";0;"inscrit";NA;NA
"2000";8346;"78.237.64.11";1;"anonyme";34;2009
"2001";8350;"60.240.221.192";1;"anonyme";26;2009
"2002";8354;"79.114.34.136";1;"anonyme";4;2010
"2003";8366;"LachlanFoley";0;"inscrit";NA;NA
"2004";8400;"Deadnurse";0;"inscrit";6;2009
"2005";8417;"Blythwood";0;"inscrit";30693;2013
"2006";8437;"Zemiguel";0;"inscrit";NA;NA
"2007";8438;"DV82XL";0;"inscrit";NA;NA
"2008";8442;"Rama'sArrow";0;"inscrit";NA;NA
"2009";8484;"Parthme";0;"inscrit";NA;NA
"2010";8494;"GroundZero";0;"inscrit";66;2005
"2011";8540;"65.202.26.176";1;"anonyme";162;2006
"2012";8556;"Harryboyles";0;"admin";39233;2006
"2013";8566;"217.194.34.103";1;"anonyme";818;2006
"2014";8568;"Anuragbhd";0;"inscrit";NA;NA
"2015";8621;"Great.constantine1";0;"inscrit";59;2007
"2016";8622;"JoeSchmedley";0;"inscrit";NA;NA
"2017";8646;"121.241.80.97";1;"anonyme";29;2011
"2018";8650;"ReedyBot";0;"inscrit";NA;NA
"2019";8700;"AgniKalpa";0;"inscrit";1208;2011
"2020";8701;"117.254.135.117";1;"anonyme";1;2012
"2021";8764;"TheBannerTurbo";0;"inscrit";NA;NA
"2022";8778;"BendertheBot";0;"inscrit";NA;NA
"2023";8818;"67.11.204.4";1;"anonyme";5;2009
"2024";8837;"BillyHathorn";0;"inscrit";NA;NA
"2025";8859;"ParsleyMan";0;"inscrit";NA;NA
"2026";8917;"Jodosma";0;"inscrit";48513;2013
"2027";8939;"JimmyPeters";0;"inscrit";NA;NA
"2028";8954;"86.72.15.140";1;"anonyme";7;2011
"2029";8957;"W";0;"inscrit";0;2015
"2030";9002;"86.149.148.121";1;"anonyme";13;2007
"2031";9074;"149.254.180.84";1;"anonyme";11;2010
"2032";9077;"24.186.54.234";1;"anonyme";1958;2013
"2033";9120;"94.56.164.75";1;"anonyme";18;2015
"2034";9160;"49.35.10.136";1;"anonyme";3;2017
"2035";9161;"DavidEdgar";0;"inscrit";NA;NA
"2036";9164;"Agapetosangel";0;"inscrit";NA;NA
"2037";9170;"DariusDhlomo";0;"inscrit";NA;NA
"2038";9171;"TheRamblingMan";0;"inscrit";NA;NA
"2039";9215;"JohnVandenberg";0;"inscrit";NA;NA
"2040";9263;"NamelessUser";0;"inscrit";NA;NA
"2041";9277;"TheSprintOfOurLife";0;"inscrit";NA;NA
"2042";9289;"Leonard^Bloom";0;"admin";18567;2007
"2043";9317;"JeremyBolwell";0;"inscrit";NA;NA
